DateTime,Temperature,Humidity,Wind Speed,Zone 1 Power Consumption,Zone 2  Power Consumption,Zone 3  Power Consumption
4/18/2017 16:20,22.760,29.73,0.085,32985.14532,19396.7,17623.3
12/27/2017 17:10,15.920,54.44,0.085,34737.64259,29803,14417.3
1/2/2017 11:20,15.080,57.23,0.076,27894.68354,20808.5,16458.8
3/19/2017 20:20,12.420,72.30,0.081,42476.93617,23634.1,25089.7
4/24/2017 5:50,14.580,80.60,0.080,21341.14101,12006.1,11531.6
1/9/2017 2:10,14.990,69.14,0.074,22043.54430,13200,14810.6
2/4/2017 11:00,11.160,70.80,0.080,32509.83051,18302.7,15844.3
5/30/2017 5:30,19.210,89.40,4.923,21390.68852,13222.3,10593
12/10/2017 17:50,14.660,65.92,0.075,37286.69202,30716.2,15834.8
5/8/2017 4:20,14.200,81.60,0.079,24966.29508,15169,14913
9/11/2017 10:40,23.900,64.15,0.264,35012.38938,24290.6,12067.2
1/16/2017 5:10,13.680,82.40,0.074,22031.39241,13367.8,14359.5
6/5/2017 23:30,21.030,86.50,0.068,40993.90728,25383.4,24960
12/23/2017 14:30,16.380,69.26,0.074,31081.36882,25539.1,10130.1
8/23/2017 17:50,27.060,47.58,4.905,37475.16093,24276.2,25140.6
2/4/2017 12:10,11.860,60.80,0.088,34004.74576,18893.6,16938.5
3/16/2017 23:40,11.830,80.60,0.080,31434.89362,18815.9,19358.7
12/17/2017 6:40,9.380,84.90,0.082,20806.08365,16193.9,8608.88
2/1/2017 9:00,9.390,67.74,4.920,25724.74576,16599.4,12434.7
6/22/2017 2:40,19.200,65.81,4.924,40676.02649,24754.7,25095.9
11/25/2017 16:20,19.740,47.91,0.078,29593.84615,24605,10039.5
8/23/2017 13:50,27.110,43.35,4.906,40256.07103,27416.3,25453.5
3/3/2017 20:30,16.660,67.21,4.919,43334.80851,25452.4,25368.4
2/11/2017 5:20,12.110,76.60,4.916,22710.50847,13437.1,14090.3
7/7/2017 8:10,23.960,63.40,4.922,28532.09302,19507.6,17442.7
7/12/2017 9:50,26.920,70.20,4.909,36511.89369,25906.3,25654.9
11/1/2017 1:40,16.980,56.04,0.086,23753.84615,18628.5,10704.6
7/4/2017 9:20,25.370,77.80,4.918,29393.22259,24421.5,20226.3
1/29/2017 20:50,16.320,53.54,4.921,40137.72152,23463.8,24659.3
8/29/2017 7:40,24.600,91.30,4.918,27061.13208,16540.2,12669.6
12/2/2017 20:20,15.900,62.58,0.084,36605.32319,29736.7,16595.4
8/12/2017 3:40,27.120,32.78,4.905,28723.28524,20269.5,20752.9
8/24/2017 1:00,21.330,75.20,4.911,32156.27081,21945.9,22540.4
10/7/2017 4:20,17.220,62.59,4.921,26361.13786,15427,12214.5
11/20/2017 10:30,20.530,47.50,0.079,29421.53846,23920.7,9351.33
12/30/2017 8:30,10.950,47.63,0.078,21937.64259,18815.6,7398.8
3/19/2017 12:30,12.730,74.10,0.081,32795.23404,17517.1,16751.6
3/18/2017 22:10,11.880,85.70,0.072,39572.42553,22972,23945.8
3/27/2017 22:50,18.430,71.00,0.081,33358.97872,17989,22000.6
5/9/2017 9:40,18.940,81.50,0.071,29146.22951,21287.9,14936.4
8/24/2017 17:00,26.640,53.55,4.907,37782.01998,24569,22877.5
3/13/2017 4:50,8.700,87.20,0.089,23321.87234,13591.5,15044.5
5/3/2017 13:30,28.720,26.19,0.075,31248.78689,22662.5,17431.6
10/28/2017 3:50,13.870,86.50,4.915,22989.58425,17626.6,10282.8
2/7/2017 18:00,9.890,73.20,0.077,38666.44068,23409.1,23317.9
1/25/2017 1:50,5.593,73.40,0.087,23550.37975,14341.6,15452.5
2/3/2017 20:50,14.100,63.55,0.083,41058.30508,24583.6,25390.3
10/18/2017 20:20,18.470,91.10,0.079,44655.75492,28508.7,19392.6
1/4/2017 12:40,13.660,65.01,0.087,34256.20253,22030.4,16736.4
4/14/2017 6:40,15.810,83.70,0.083,22097.56728,12926.3,11112.7
11/13/2017 20:10,19.600,67.65,0.073,38153.84615,31805,20483.9
12/14/2017 10:10,12.400,67.54,0.087,30387.83270,21728.1,9334.93
8/16/2017 22:00,22.790,62.78,0.070,48349.47836,32449.4,35757.7
7/10/2017 9:40,28.010,31.89,4.915,33902.99003,23962,23901.6
8/1/2017 9:30,26.600,73.10,4.910,36369.18979,25496.5,22721
11/24/2017 1:10,8.340,77.90,4.916,23827.69231,19156.6,10502.2
4/10/2017 8:00,14.410,85.70,0.072,25978.90205,16097.4,12904.7
5/18/2017 14:30,27.980,35.70,4.918,35151.73770,23238.4,18002.9
2/22/2017 2:30,13.840,71.40,0.083,22905.76271,11799.4,13679.3
6/11/2017 21:40,20.320,64.15,0.081,42875.76159,25286.1,27323.1
9/7/2017 4:40,22.170,89.60,0.329,27729.55752,16694,14032.3
2/18/2017 2:20,10.400,90.60,0.071,23467.11864,13203.6,14455
11/16/2017 15:30,22.270,51.00,0.077,32486.15385,23950.4,17459.3
2/23/2017 10:40,16.710,56.34,0.084,35402.03390,18700.3,14848.6
9/9/2017 8:20,21.280,84.50,0.283,27697.69912,16881.1,12208.4
2/5/2017 5:10,7.290,61.94,0.088,21648.81356,12813.4,14373.9
4/10/2017 6:10,14.320,85.70,0.069,21024.93003,12167.4,11287.3
10/25/2017 21:10,20.750,70.90,0.082,37893.74179,30902.5,18704
2/12/2017 13:30,12.960,85.80,0.070,33498.30508,18725.8,18345.2
8/8/2017 15:40,28.800,75.80,4.907,38971.09878,29822.6,29413.9
2/20/2017 11:40,13.980,69.28,0.072,36103.72881,22570.2,16811.1
8/1/2017 23:40,26.180,84.50,4.914,38670.63263,27484.7,31189.5
5/3/2017 15:50,26.100,31.29,0.079,31538.36066,21302.8,16481.3
11/30/2017 13:10,18.660,62.86,0.076,32898.46154,28178.9,9172.05
11/2/2017 12:50,21.640,51.43,0.084,32030.76923,24887.6,12566.7
1/16/2017 23:00,11.180,65.55,0.087,34231.89873,21552.6,20830.8
8/8/2017 19:00,28.090,78.20,4.902,42615.04994,29503.3,33554.9
3/11/2017 23:10,13.770,81.10,0.082,35013.44681,21106.1,22465.2
9/24/2017 12:20,23.880,65.26,4.926,34451.68142,19167.6,14685.4
7/14/2017 10:30,26.560,69.80,4.911,35650.76412,26643,26859.9
4/8/2017 19:20,14.420,89.90,0.069,42824.88698,21684.3,28509.1
7/28/2017 14:40,35.980,29.84,4.907,41512.82392,29954.4,32553.6
9/28/2017 10:10,21.620,77.70,4.915,36044.60177,24444.1,10825.7
1/4/2017 5:00,6.003,86.30,0.085,19746.83544,13524.6,13827.5
12/6/2017 22:30,9.860,69.39,0.085,33648.66920,28525.3,14613.2
5/13/2017 15:20,32.990,14.01,3.970,29788.32787,20403.7,17530.7
8/11/2017 1:10,27.960,33.64,4.907,32801.95339,23911.3,26127.6
4/12/2017 23:40,15.390,89.50,0.071,31397.89020,17739.7,21009.5
6/9/2017 16:20,25.510,51.27,0.072,35958.67550,20600.8,18089.4
1/1/2017 6:40,4.408,76.70,0.082,21466.32911,13539.2,14319
2/19/2017 12:40,13.750,70.40,0.074,30172.88136,20276,19288.8
6/6/2017 23:00,20.470,89.10,0.066,43371.65563,26910.2,25491.7
8/11/2017 23:30,27.350,35.41,4.910,39508.10211,28359,31364
12/24/2017 22:50,10.950,82.40,0.086,32340.68441,26518.6,13529.9
1/31/2017 10:40,15.470,68.49,4.914,32779.74684,20126.4,15735.9
8/5/2017 0:40,25.020,85.60,4.910,35806.61487,25891.9,28011.5
9/1/2017 12:40,27.560,45.12,4.924,27379.11504,15436.6,13761.6
7/3/2017 14:00,26.590,70.20,4.922,37385.78073,25177.2,25112.6
12/23/2017 5:50,8.890,85.90,0.085,22460.83650,18274.3,10170.5
2/24/2017 0:40,15.840,54.61,0.082,27512.54237,16778.1,16706.9
6/8/2017 13:20,24.460,58.32,0.070,35335.62914,22180,17829.4
3/8/2017 8:10,11.400,79.40,0.076,25699.40426,15932.9,11223.9
1/14/2017 18:50,16.370,68.79,0.077,42167.08861,25645,25677.1
7/18/2017 18:20,34.560,25.11,4.924,38527.57475,26145.6,32222.3
2/22/2017 6:00,14.040,62.57,0.082,25181.69492,12601.8,13760.3
3/10/2017 8:50,10.910,88.40,0.088,27145.53191,17367.1,12391
9/24/2017 7:20,20.410,76.90,4.919,22600.35398,11986.3,9590.19
3/4/2017 5:30,14.470,85.60,4.909,24185.87234,13331.7,14603.2
5/29/2017 15:00,27.250,50.17,0.068,35642.75410,21926.9,18154.5
8/11/2017 23:50,26.670,41.58,4.908,37328.12431,27747,30413
2/22/2017 17:20,17.530,47.63,0.082,33571.52542,22121.6,17222.1
6/18/2017 23:30,20.980,81.90,0.064,42774.03974,25731.4,27145.8
1/26/2017 16:20,18.660,44.41,0.085,35817.72152,22205.5,16759.5
10/23/2017 23:00,20.060,78.00,4.913,32795.44858,20576.8,14391.2
10/5/2017 2:00,23.470,61.55,4.921,27022.84464,16218.7,12949.8
4/13/2017 9:50,15.740,87.10,0.071,31664.49946,17879,18042.2
1/9/2017 2:00,14.970,68.97,0.072,22086.07595,13404.3,14880
1/3/2017 23:30,8.490,84.50,0.077,30063.79747,20250.5,19575.9
10/13/2017 9:10,21.580,52.96,0.087,33646.21444,20838.2,10743.8
12/30/2017 18:30,10.510,59.35,0.077,38010.64639,32737.6,16716.4
12/25/2017 12:10,12.220,71.70,0.086,32657.03422,26433.9,9842.02
6/17/2017 8:00,20.550,82.00,0.066,24680.26490,13887.3,13363.2
1/27/2017 3:50,8.070,86.10,0.089,22037.46835,14235.9,14122.4
3/4/2017 21:30,13.430,59.45,4.921,40779.57447,23337.8,23928.4
8/24/2017 12:30,28.870,40.51,4.905,41176.64817,26994.3,23684
7/28/2017 17:20,34.800,25.51,4.908,39210.09967,28496.2,27486.5
11/17/2017 9:30,11.700,75.70,0.082,27027.69231,21057,14590.8
2/14/2017 22:00,15.250,64.02,0.082,35884.06780,27559.9,24290.4
3/31/2017 13:20,22.580,48.35,0.076,33493.78723,21029.3,15985.2
11/10/2017 23:00,17.240,77.00,0.076,31027.69231,25471.5,14862.7
9/29/2017 16:40,24.580,56.15,4.919,34349.73451,20746.8,12849.7
12/24/2017 16:10,17.800,57.14,0.083,27169.58175,21765,9939.98
12/3/2017 1:40,14.090,71.20,0.081,22971.86312,17482.7,10913.8
3/20/2017 15:50,15.150,65.51,0.079,33506.04255,20904.9,15816.8
9/25/2017 5:50,18.530,85.30,4.918,24938.76106,15960.5,10143.2
6/23/2017 15:20,28.580,35.29,4.922,38400.00000,23111.9,19979.8
11/25/2017 9:50,18.210,52.15,0.078,27944.61538,22752.9,9033.25
7/10/2017 5:10,20.520,67.37,4.910,23996.81063,15182.3,17093.2
11/17/2017 5:30,12.350,75.80,0.083,23483.07692,18543,12393.3
1/29/2017 4:40,11.600,71.70,4.922,21059.24051,12207.9,14162.9
3/17/2017 8:40,10.610,89.30,0.067,27304.85106,16474.4,11612.9
9/28/2017 20:30,20.920,78.70,4.917,46526.01770,31655.3,16809.3
8/5/2017 14:10,29.540,61.12,4.904,40735.53829,28157.6,27692.5
8/27/2017 14:20,27.530,64.45,4.920,37404.83907,23337.3,21378.8
12/27/2017 17:50,15.490,60.48,0.095,40590.11407,34685.5,16341.9
12/23/2017 14:10,16.490,68.56,0.074,30941.44487,25487.6,10274.2
6/22/2017 3:10,19.270,57.47,4.917,38234.70199,22962.2,23158.2
2/15/2017 2:40,15.530,62.45,0.084,22795.93220,13696,14373.9
11/26/2017 15:20,21.370,41.51,4.918,29175.38462,22143,10756.6
5/25/2017 5:40,14.080,89.00,4.916,20509.37705,12479.3,10243.2
9/27/2017 21:10,22.430,77.90,4.918,44971.32743,26524.7,19456.9
11/8/2017 6:20,18.970,80.20,0.068,21261.53846,16497.5,8836.63
11/12/2017 14:40,20.750,64.81,0.071,28289.23077,20785.5,17760
9/12/2017 0:40,21.140,60.22,0.272,30087.07965,17850.3,14673.6
8/12/2017 16:50,31.260,14.04,4.905,37097.98002,25880.5,28077.7
12/12/2017 16:50,20.180,27.47,0.085,32285.93156,26691.6,10014.9
5/3/2017 7:20,18.900,54.41,0.080,24815.21311,16870.6,11420.9
1/8/2017 3:40,13.790,74.50,0.083,20694.68354,13127.1,14330.6
3/19/2017 1:30,10.410,87.90,0.074,25368.51064,14432.9,15567.1
1/13/2017 10:40,15.290,82.90,0.075,32299.74684,21636.5,13376.4
6/15/2017 11:40,25.570,33.60,0.081,35233.90728,19818.7,16878.3
6/17/2017 8:40,21.250,75.90,0.068,26078.94040,14542.2,14320.2
12/25/2017 19:40,11.410,70.60,0.090,39482.88973,33632.4,16146
11/6/2017 16:40,21.210,65.88,0.075,29372.30769,23098.8,11294.5
4/22/2017 11:50,17.330,76.80,0.071,36649.47255,20569.9,19636.4
1/13/2017 10:50,15.350,82.00,0.069,32901.26582,21964.7,13515.2
1/22/2017 2:10,13.140,65.28,0.080,22924.55696,14301.5,15446.7
11/13/2017 16:00,20.450,59.34,0.072,30344.61538,25557,17690.6
4/30/2017 4:20,13.820,81.50,0.080,22928.39612,13479.8,14795.6
10/7/2017 16:30,24.950,40.58,4.923,34125.16411,20935.3,13515.9
6/24/2017 18:20,23.560,75.40,4.920,39607.94702,21266.9,24469.7
12/14/2017 17:30,13.960,68.18,0.081,40133.84030,34317.3,14970.5
10/12/2017 23:10,20.380,62.79,0.095,33891.99125,21222.8,15132.4
3/14/2017 11:00,15.600,76.30,0.073,32881.02128,20257.3,15828.4
6/5/2017 12:00,23.510,67.80,0.069,34992.31788,19766.3,17197.3
7/5/2017 4:50,24.020,85.80,4.913,23875.61462,16089.9,18316.3
6/27/2017 14:50,27.180,53.80,4.922,31133.24503,18699.8,22567.4
9/12/2017 20:10,22.210,55.22,0.268,47551.85841,28066.5,21604.4
7/1/2017 21:20,27.160,48.37,4.923,44868.03987,28230.4,35349.3
9/23/2017 11:00,24.110,60.82,4.924,36433.27434,21184.6,14338.2
2/2/2017 2:20,8.990,63.30,4.917,23961.35593,14122.8,14889.2
4/11/2017 11:10,16.460,76.50,0.073,34727.40581,20009,17902.5
4/5/2017 13:50,16.520,74.30,0.071,34510.39828,20507.5,18996.4
1/18/2017 19:20,14.430,56.99,0.084,45053.16456,29631.6,27626
11/28/2017 0:20,12.150,83.60,0.072,25907.69231,20744.6,10918.6
3/2/2017 8:40,13.710,85.70,0.084,26734.97872,16814.6,12042.6
8/18/2017 20:00,26.080,62.28,0.068,50126.70366,33593.7,40308
8/3/2017 23:20,26.700,63.99,4.905,41036.00444,30301.6,31905.7
8/14/2017 7:30,21.010,41.65,4.910,26185.30522,19851.3,15233.6
8/29/2017 15:30,27.190,79.20,4.927,37072.40844,22979.9,17881.9
3/13/2017 5:50,9.640,87.40,0.087,23248.34043,13613.4,14794.8
7/16/2017 16:10,27.870,72.30,4.917,34662.05980,22010.1,30005
8/21/2017 19:20,25.830,54.65,4.929,48701.08768,32069.3,35787.8
2/3/2017 10:10,13.630,68.93,4.910,30691.52542,18842.6,14680.8
4/5/2017 14:40,16.250,73.80,0.072,33481.16254,20258.2,18618.2
5/13/2017 19:50,29.290,27.75,0.075,44657.31148,24876.8,26059.9
12/27/2017 10:20,15.250,58.11,0.079,30880.60837,24633.3,9588.48
4/2/2017 8:10,14.580,91.00,0.070,23089.60172,10778,12677.8
6/25/2017 22:20,21.840,84.20,4.916,48089.00662,28017.9,33224.9
11/11/2017 19:50,18.430,74.80,0.072,37015.38462,29967.8,17031.3
9/27/2017 17:30,22.990,75.90,4.920,38344.77876,23242.8,15144.3
10/25/2017 19:20,21.870,65.33,0.083,41662.31947,34020.7,19649.4
4/4/2017 7:40,14.090,90.50,0.070,25978.90205,16222,12858.2
9/23/2017 6:50,18.380,73.40,4.916,23957.52212,13281.1,9519.59
8/15/2017 8:30,22.370,53.52,4.906,32693.27414,23246,17280
7/10/2017 19:50,33.110,23.48,4.916,46902.85714,30239.2,38867.9
12/18/2017 6:50,8.960,92.70,0.082,22643.34601,18635.2,8343.82
5/2/2017 22:50,21.520,49.93,0.079,36259.67213,22305.9,21833.2
5/1/2017 13:50,24.950,41.57,0.072,31538.36066,19326.3,18008.7
8/31/2017 14:10,31.160,38.91,4.934,34918.00222,20246.7,16636
3/20/2017 16:30,15.160,63.61,0.081,32476.59574,20315.9,15625.2
7/19/2017 21:00,28.250,52.58,4.910,49907.24252,31131.6,43332.6
11/20/2017 6:30,14.690,55.07,0.082,21864.61538,16824.8,9837.11
8/19/2017 18:20,26.230,80.70,4.918,38018.55716,25291.2,29498.2
4/15/2017 10:50,20.290,51.40,0.089,33468.76211,19591,18286.5
10/22/2017 6:10,16.860,90.00,4.914,23033.69803,13208.7,9197.33
7/9/2017 8:30,23.030,74.10,4.910,25648.90365,15858.2,19738.2
1/30/2017 5:10,16.690,62.82,4.920,22104.30380,13294.8,14469.4
8/1/2017 7:20,24.270,76.80,4.911,29081.28746,19338.1,18658.3
5/3/2017 23:20,20.950,67.25,0.079,32256.00000,20244,19880.2
5/16/2017 14:30,21.400,67.47,4.923,35252.45902,22703.4,17670.6
10/7/2017 8:50,17.300,64.93,4.923,30690.59081,19083,11204.9
9/20/2017 22:40,25.140,54.05,4.924,37395.39823,22011.6,16544.6
7/2/2017 22:30,24.460,82.90,4.919,42724.78405,27064.6,32866.9
8/23/2017 23:00,22.340,71.20,4.905,41592.18646,28400.8,29377.8
7/26/2017 7:20,22.200,57.63,4.904,28978.60465,19632.9,21334.9
10/18/2017 10:50,19.470,87.40,0.073,31932.07877,23963.9,11677.6
2/24/2017 19:10,13.050,55.01,0.083,43633.22034,25641.3,24695.6
10/15/2017 23:40,18.380,84.10,0.172,31037.19912,19262.2,13597.6
10/7/2017 12:20,23.690,38.52,4.924,36866.52079,22716.6,13854.3
6/28/2017 2:30,22.070,75.00,4.918,28501.19205,17479.8,20936.9
6/26/2017 22:10,22.760,84.20,4.919,38406.35762,22269.9,29721.6
10/26/2017 22:30,18.220,70.10,0.081,29789.40919,25745.2,16112.8
2/3/2017 16:20,13.950,64.85,0.081,31527.45763,19123.4,14721.3
11/2/2017 20:00,19.140,66.01,0.083,38990.76923,32723.6,17407.2
9/28/2017 6:50,19.850,84.70,4.911,26168.49558,18430.4,8019.28
5/27/2017 6:30,18.740,90.30,4.914,22221.63934,12564.7,9893.44
5/14/2017 20:50,21.790,46.03,4.922,44544.00000,24824.8,26298.9
8/24/2017 0:20,21.450,74.40,4.912,35288.79023,23687,24653
2/23/2017 6:50,14.970,56.71,0.080,22442.03390,12036.5,12897.8
5/25/2017 8:30,17.300,87.50,4.918,28869.24590,18583.3,12977.5
12/15/2017 8:00,15.240,64.65,0.081,22886.69202,18716.2,6978.15
8/28/2017 2:00,24.520,88.70,4.918,29822.86349,18460,18574
1/13/2017 15:40,16.580,71.60,0.073,32658.22785,20538.6,15452.5
2/19/2017 17:30,13.830,68.78,0.077,34126.77966,20214,19595.6
1/12/2017 14:20,16.930,73.00,0.074,35052.15190,20447.4,16649.6
5/8/2017 15:10,23.920,50.65,0.073,35088.78689,21154.2,17898
6/23/2017 0:10,20.110,69.65,4.917,43257.21854,26356.3,27275.8
10/25/2017 1:30,18.740,85.10,4.915,25541.88184,16405.4,11175.7
10/13/2017 2:20,18.030,66.89,0.114,26966.12691,16394.2,11881.8
1/31/2017 21:30,12.550,69.59,4.923,41401.51899,25265.7,25573
3/12/2017 22:20,13.630,74.70,0.087,38518.46809,22964.6,23254.8
2/3/2017 12:40,14.380,65.87,4.916,31759.32203,19973.3,15566.5
3/16/2017 3:20,10.000,82.10,0.071,23052.25532,13423.2,14011
2/20/2017 8:30,13.700,69.41,0.071,25999.32203,17135.6,12266.8
7/20/2017 11:10,29.650,49.62,4.911,40371.02990,27968.4,29703.8
7/10/2017 4:50,20.680,67.37,4.910,24736.74419,16465.8,19997.3
6/12/2017 5:30,17.420,72.30,0.076,22544.10596,13846.2,11756.3
7/19/2017 7:20,22.520,50.76,4.912,28130.23256,19344.3,20328.7
3/7/2017 5:10,7.900,87.30,0.084,24081.70213,14326.8,14620.6
9/28/2017 20:50,20.690,79.40,4.923,45563.89381,30753.4,16626.9
1/18/2017 2:30,11.760,56.99,0.090,22918.48101,13885.7,13995.2
10/17/2017 20:30,20.370,78.30,0.081,45077.98687,28064.3,19357.6
12/28/2017 3:10,14.130,83.50,0.079,21329.27757,16926.7,9478.99
11/17/2017 18:40,18.250,72.30,0.072,38344.61538,31619,21808.2
8/30/2017 23:00,22.060,75.80,4.920,39859.71143,23569.2,21047.8
2/27/2017 5:30,15.170,57.28,0.079,24406.77966,14629.8,14906.5
10/26/2017 8:10,21.220,57.94,0.085,27085.86433,21122,9979.33
8/7/2017 7:20,26.400,63.39,4.905,28052.03108,21094.4,17912
1/12/2017 4:00,9.210,76.70,0.081,22067.84810,13750.8,14012.5
8/22/2017 15:40,26.030,41.98,4.927,39188.45727,26644.6,24279.9
1/16/2017 8:20,11.720,82.80,0.085,24826.32911,16154.4,11629.9
10/21/2017 11:20,22.260,71.40,4.917,35877.11160,23228.2,12249.5
12/10/2017 4:30,6.817,87.00,0.090,21262.35741,15807.3,9352.22
10/7/2017 16:40,25.320,36.08,4.918,34364.63895,21047.3,13381.6
1/28/2017 8:40,11.830,49.45,0.087,24789.87342,15297.3,11722.4
12/6/2017 4:00,7.200,78.80,0.085,21225.85551,16867.8,9709.48
1/26/2017 16:10,18.770,42.44,0.086,35325.56962,22263.8,16580.2
4/19/2017 15:20,19.470,58.74,0.071,33915.17761,20764.2,17960.7
5/15/2017 3:20,14.790,71.10,0.072,25293.63934,15187.6,15262.8
11/7/2017 15:10,21.570,64.38,0.073,30824.61538,25687.2,10907
7/22/2017 15:20,31.840,54.19,4.910,37653.68771,25720.3,31625.8
8/10/2017 8:20,26.350,61.12,4.901,29950.72142,24382.7,21691.8
8/14/2017 8:30,22.050,43.39,4.909,29611.89789,20782.7,20415.8
5/13/2017 17:30,33.730,22.08,0.639,31752.39344,17892.3,17052.6
11/11/2017 16:20,20.870,62.31,0.074,29175.38462,23876,11635.7
6/5/2017 9:30,21.970,77.30,0.069,28990.72848,17820.4,13469.5
7/27/2017 11:00,34.940,24.01,4.906,41442.65781,30057,31167.9
2/18/2017 0:30,10.310,82.90,0.075,28360.67797,16566.6,16851.6
12/17/2017 20:00,14.970,78.30,0.082,37974.14449,31485.7,15731.1
2/7/2017 13:50,10.730,65.84,0.079,33418.98305,20772,16405.9
1/11/2017 6:10,8.870,81.10,0.084,24473.92405,14403.6,14452
4/13/2017 10:20,15.860,86.40,0.077,33350.95802,18289.6,18688
3/13/2017 8:40,9.140,87.70,0.084,26937.19149,16320.7,12727.7
2/18/2017 4:00,9.880,86.90,0.076,22710.50847,12368.4,13650.3
4/14/2017 0:30,16.020,85.00,0.067,28539.59096,16016.7,19322.2
9/6/2017 17:50,25.070,75.30,0.321,32278.93805,20675.7,16750.5
2/7/2017 7:10,6.243,63.37,0.081,21111.86441,13258.4,11022.2
7/3/2017 11:40,25.840,74.30,4.921,37207.17608,24413.9,23576.2
7/27/2017 1:50,25.470,46.35,4.908,32040.39867,22374.7,27938.4
2/2/2017 11:40,12.810,56.76,4.918,34791.86441,21176.9,16845.8
9/27/2017 7:20,19.640,88.90,4.912,27646.72566,17214.1,9631.38
5/30/2017 7:50,19.310,91.40,4.917,23480.65574,15113.3,10610.5
6/11/2017 18:20,23.850,45.87,0.080,35856.95364,21817,21628.1
11/22/2017 8:00,9.520,74.80,4.924,22849.23077,19885.5,7390.84
11/5/2017 5:00,15.170,87.10,0.072,22615.38462,16720.7,10305.5
6/18/2017 4:50,19.940,85.20,0.066,25214.30464,13958.4,15572.7
1/5/2017 22:00,10.580,81.60,0.082,38321.01266,24977.5,24532
12/11/2017 7:10,5.514,93.00,0.081,23780.98859,16514.3,7681.15
10/25/2017 15:00,21.340,81.20,0.081,31295.57987,26637.8,12529.6
4/21/2017 21:50,14.720,84.40,0.071,39464.37029,21684.3,26141.1
3/25/2017 12:00,15.550,55.59,0.085,34118.80851,20089,16443.9
6/27/2017 0:40,20.550,88.30,4.920,32023.31126,19661.5,24818.2
2/19/2017 14:40,13.780,69.62,0.076,34248.81356,20801.2,19375.6
8/3/2017 20:40,29.050,50.88,4.907,49442.66371,36201.5,37960.6
8/25/2017 0:00,23.440,63.68,4.904,35819.40067,23759.2,25802.6
2/27/2017 18:50,15.720,58.01,0.082,43498.98305,26531.3,25234
12/2/2017 19:40,15.930,60.71,0.083,37268.44106,29887.7,16336.1
2/7/2017 16:40,10.360,77.60,0.083,31643.38983,19262,15595.4
5/5/2017 23:10,17.240,58.82,4.919,35000.65574,21919.5,21314.3
12/22/2017 22:30,12.270,78.80,0.077,34293.53612,28819.9,14538.3
10/29/2017 11:30,20.670,70.60,4.925,29600.35011,21349.8,11204.9
4/1/2017 4:20,16.600,83.50,0.065,24242.84177,13340.5,14528
8/9/2017 5:50,25.870,87.80,4.910,22873.78468,16791.1,16551.7
3/21/2017 1:30,11.700,83.20,0.082,24669.95745,14959.8,14835.5
3/4/2017 23:30,13.450,61.75,4.917,33524.42553,19737.8,20514.2
4/27/2017 8:00,12.330,76.60,0.087,26276.51238,17090.8,13114.2
3/18/2017 18:40,12.970,81.70,0.083,40418.04255,22803.7,24201.3
6/16/2017 13:40,24.110,56.32,0.070,36238.41060,23688.1,18160.2
12/5/2017 11:00,11.790,78.00,0.086,31507.22433,24364.5,9092.92
11/7/2017 19:50,20.470,72.80,0.072,39003.07692,32414.9,17418.8
2/17/2017 19:50,10.630,81.20,0.073,42449.49153,25185.4,24736.2
8/6/2017 3:10,27.740,72.80,4.906,31024.72808,21318.7,21908.5
8/24/2017 14:50,27.110,51.28,4.906,39699.88901,25523.1,23274.7
12/25/2017 18:40,12.540,66.19,0.076,40401.52091,34052.2,16578.2
4/5/2017 23:20,15.550,71.90,0.074,31298.68676,17259.5,22062.5
11/4/2017 8:10,13.640,86.40,0.081,23606.15385,18401.7,8582.17
8/6/2017 1:00,25.810,88.80,4.907,35634.00666,25268.4,27975.4
8/17/2017 23:30,23.100,64.48,0.068,40575.71587,28450.3,31291.8
6/6/2017 10:50,22.810,77.00,0.068,29423.04636,21959.3,15560.9
12/18/2017 16:40,17.790,68.26,0.076,31884.41065,25955.2,9657.62
7/3/2017 23:40,24.320,86.60,4.919,37436.81063,24649.4,29938.7
12/22/2017 7:30,13.670,80.20,0.079,22479.08745,17604.2,6914.77
7/4/2017 1:50,24.160,86.70,4.915,29246.51163,19708.9,23136.4
11/25/2017 22:30,14.740,69.56,4.919,33575.38462,27119,14683.4
9/6/2017 15:20,26.850,61.85,0.325,32259.82301,21330.6,16173.9
12/13/2017 3:20,13.520,55.04,0.080,20696.57795,15689.5,9588.48
8/22/2017 2:50,23.330,56.55,4.923,28742.46393,18536,19001.4
12/8/2017 11:40,15.000,54.92,0.085,31397.71863,26076.7,9588.48
1/28/2017 22:10,13.430,66.96,4.914,38788.86076,23664.4,24543.6
6/22/2017 12:00,27.620,33.89,4.916,35793.37748,22995.8,18337.5
1/4/2017 18:30,13.220,75.60,0.083,43133.16456,27311.9,25555.7
1/19/2017 13:20,11.230,66.01,0.089,35714.43038,22953.2,17950.8
2/27/2017 23:40,13.840,66.49,0.083,30886.77966,19032.2,18733
10/13/2017 8:30,20.180,55.86,0.090,32045.51422,19206.2,9436.6
7/18/2017 22:50,27.390,37.98,4.921,44804.25249,29088.6,38777.6
8/20/2017 17:30,26.590,77.90,4.925,35122.57492,22333.7,26819.8
8/14/2017 5:30,19.610,44.05,4.909,24280.22198,15806.5,16244.8
12/27/2017 2:30,14.840,58.85,0.078,21450.95057,17493.7,9611.52
1/21/2017 3:10,8.960,76.50,0.082,22310.88608,14148.3,14920.5
6/5/2017 1:30,20.440,89.30,0.063,37077.61589,22262.4,23116.8
4/1/2017 16:30,16.470,77.50,0.073,32699.93541,15074.5,17786.2
9/18/2017 3:50,21.530,75.70,4.914,26225.84071,14890.2,12767.3
3/7/2017 3:30,8.580,87.20,0.075,22788.76596,13463.4,13999.4
11/11/2017 1:10,19.000,70.20,0.073,23883.07692,18769.8,11508.4
9/17/2017 14:50,24.120,52.03,4.924,33292.03540,18621.2,14191.1
9/28/2017 5:30,20.550,78.30,4.915,27621.23894,17476.1,8131.07
2/10/2017 11:20,11.870,83.20,4.919,30508.47458,21085.7,15844.3
2/4/2017 23:00,8.880,51.48,0.096,34376.94915,20939.8,22698.5
11/23/2017 16:20,16.340,50.08,4.915,30320.00000,25657.4,9958.55
9/18/2017 3:40,21.280,77.10,4.912,26149.38053,14875.3,12549.6
1/12/2017 3:10,9.980,75.10,0.084,22298.73418,13845.6,14105.1
9/18/2017 10:10,21.570,87.00,4.911,33432.21239,21618.7,12837.9
6/9/2017 2:20,20.030,73.10,0.080,40370.86093,24758.4,24381
10/2/2017 3:20,20.120,70.80,4.917,25856.98031,14575.5,12395.4
5/5/2017 17:20,25.180,26.63,4.923,31639.08197,20355.4,15577.7
7/20/2017 10:00,29.100,47.88,4.910,37302.85714,26005.1,27685.4
11/12/2017 17:10,20.450,66.34,0.073,28609.23077,21901.2,16441.4
7/31/2017 5:30,21.390,67.37,4.902,25432.02658,16355.7,17424.6
11/12/2017 10:50,20.030,73.10,0.071,27403.07692,19848.3,15730.1
11/6/2017 8:00,18.170,79.90,0.070,20215.38462,14426,7645.3
5/19/2017 16:40,22.340,67.96,0.068,32193.04918,20600.6,16213.1
10/15/2017 18:40,22.050,70.60,0.065,44567.52735,25786.3,19468.4
5/26/2017 9:30,19.260,82.50,4.917,31827.93443,20875.5,14761.5
10/26/2017 19:10,17.750,80.10,0.082,41359.82495,34095.4,19789.4
11/16/2017 6:40,12.050,83.50,0.077,20978.46154,14582.2,9617.35
4/26/2017 22:20,16.040,65.13,0.082,38776.14639,21746.6,25041.5
3/23/2017 6:20,11.020,58.11,0.077,20245.78723,12102.4,10248.4
10/10/2017 5:30,19.990,87.90,0.068,27262.31947,16685.5,11391.6
1/7/2017 8:20,8.470,85.00,0.089,24291.64557,15005.5,11589.4
11/5/2017 16:10,21.300,72.20,0.069,26141.53846,21183.5,11363.9
1/2/2017 6:20,9.400,84.40,0.077,23258.73418,15176.9,14712.3
6/2/2017 13:20,23.200,69.83,0.073,34776.15894,18741,16653.8
4/18/2017 16:50,22.860,25.59,0.088,32699.93541,18399.6,17704.7
8/6/2017 3:50,26.890,77.00,4.908,31779.08990,21364.3,21890.4
2/20/2017 23:40,9.260,86.80,0.083,29733.55932,18795.1,18924.1
1/7/2017 3:20,10.680,80.50,0.084,21946.32911,13918.5,14099.3
4/24/2017 21:50,17.440,71.40,0.087,40282.79871,22325.9,26123.6
12/19/2017 1:10,13.360,85.70,0.084,23209.12548,19386.3,10072.5
11/2/2017 9:50,20.570,53.94,0.079,28313.84615,21663.2,11230.8
3/3/2017 15:10,24.120,37.95,4.919,32519.48936,22112.2,15979.4
12/26/2017 8:40,6.536,87.40,0.082,25393.15589,20122.7,7854.02
11/8/2017 5:30,19.010,81.80,0.070,22953.84615,17933.1,10114.7
11/5/2017 19:30,19.790,74.70,0.066,36578.46154,29588.4,17170.1
11/2/2017 15:00,22.460,49.70,0.087,31987.69231,26624.4,11068.9
1/18/2017 13:20,14.290,49.08,0.082,38606.58228,24167.8,19408.2
1/29/2017 16:00,16.750,54.71,4.918,29358.98734,16756.2,16481.9
6/29/2017 5:20,21.140,81.20,4.917,22092.71523,12974.2,13717.7
8/6/2017 9:40,26.970,82.40,4.908,31184.55050,22683.4,24261.8
4/21/2017 16:10,18.130,79.30,0.074,36655.67277,17039.5,17448.7
3/3/2017 20:50,16.010,69.95,4.916,43114.21277,25350,25083.9
8/17/2017 19:20,26.530,53.68,0.071,49730.34406,33160.3,38995.9
11/28/2017 13:40,19.600,57.89,4.918,32006.15385,26706.2,10560
5/27/2017 7:20,18.860,90.80,4.919,22574.16393,13434.1,10610.5
6/18/2017 9:30,22.040,72.40,0.068,24985.43046,13861.1,13959.9
7/10/2017 16:50,34.730,29.38,4.907,37353.88704,25169.6,27528.7
12/8/2017 23:00,9.960,76.90,0.083,31787.07224,27295.5,13449.2
7/15/2017 20:10,26.430,77.80,4.913,49046.11296,31572.2,43971.2
10/15/2017 19:00,21.670,72.20,0.067,45071.68490,25887.1,19526.8
3/14/2017 23:00,12.100,82.30,0.084,34584.51064,20773.2,20647.7
11/18/2017 15:30,19.740,67.71,4.922,28935.38462,21860.3,18777.8
8/29/2017 21:50,24.800,89.00,4.920,44858.95671,27020.9,25062.3
3/24/2017 4:20,10.560,67.31,0.083,22598.80851,12885.4,13482.6
11/18/2017 16:00,19.550,69.25,4.921,28929.23077,21607.4,18737.3
5/19/2017 1:40,18.540,72.30,0.075,26388.98361,16019.8,15851.7
8/4/2017 15:10,26.770,74.00,4.902,41342.86349,29799.8,26783.7
2/3/2017 21:00,13.640,67.42,0.084,40899.66102,24787.8,25372.9
6/15/2017 11:30,24.690,35.34,0.083,34547.28477,19541.8,16647.9
6/8/2017 12:20,24.870,66.03,0.072,34445.56291,21521.4,16854.6
10/16/2017 12:00,23.100,71.20,0.075,37288.75274,23560.6,12395.4
7/11/2017 11:20,27.410,63.20,4.908,40785.64784,27330.4,27570.9
3/20/2017 18:20,14.670,68.58,0.083,35479.14894,21556.1,19718.7
8/3/2017 6:20,22.440,75.60,4.911,25494.87236,16327.3,14986.8
5/4/2017 2:20,20.300,73.50,0.076,24399.73770,15183.9,15047.1
6/2/2017 22:00,20.480,85.60,0.065,44846.62252,25589.2,25657.1
1/22/2017 10:10,12.600,65.98,0.083,29322.53165,13889.4,14648.7
11/10/2017 21:10,19.190,69.18,0.076,36529.23077,29941.7,17112.3
9/21/2017 20:30,27.210,35.58,4.925,46264.77876,26928.9,19815.8
11/24/2017 11:00,15.370,37.97,4.914,29563.07692,24902.5,9333.98
8/1/2017 9:00,26.310,73.70,4.908,34802.93008,23960.7,22052.9
1/3/2017 15:30,15.440,64.93,0.074,32336.20253,21443.2,16632.3
12/7/2017 4:10,5.572,85.70,0.084,20848.66920,16278.6,9490.52
4/26/2017 19:00,18.840,55.86,0.082,38565.33907,21119.8,25146.2
3/16/2017 13:00,16.620,66.89,0.073,38444.93617,22876.8,18174.2
5/11/2017 12:30,21.510,70.70,4.921,36265.96721,22744.3,18346.9
3/18/2017 4:20,9.870,88.00,0.084,23236.08511,12468.3,13796.1
11/17/2017 21:00,14.900,85.20,0.076,36412.30769,29904.5,21443.9
1/13/2017 13:50,16.350,73.50,0.075,33733.67089,20925.2,16158.1
3/15/2017 13:30,18.290,45.13,0.078,37489.02128,22679.3,18063.9
6/30/2017 23:10,21.420,71.00,4.915,40205.56291,25342.2,30206
2/21/2017 22:20,13.820,66.62,0.085,37665.76271,23679,23034.2
9/8/2017 20:10,23.710,76.60,0.273,46054.51327,28313.5,23440.1
11/12/2017 6:00,15.360,81.00,0.074,21753.84615,15958.3,10484.8
6/14/2017 18:40,22.290,50.22,0.079,40243.70861,24522.7,22573.3
9/29/2017 23:40,18.300,80.60,4.925,33100.88496,19564.2,15238.4
6/1/2017 15:40,23.740,57.21,0.070,35170.33113,21139.7,17870.8
9/30/2017 12:40,23.880,64.73,4.923,32635.75221,22704,13443.9
11/28/2017 11:20,18.700,58.49,4.918,31667.69231,25594.2,9837.11
6/20/2017 23:20,22.020,78.70,0.084,45863.84106,25596.7,27476.7
2/24/2017 2:10,15.560,64.22,0.077,23601.35593,14235.9,14663.4
2/18/2017 19:30,13.680,74.30,0.073,42791.18644,24459.6,25413.5
9/23/2017 6:20,19.360,69.79,4.920,24524.60177,13150.1,9619.61
9/2/2017 13:30,27.360,34.41,4.927,32221.59292,18131,16215.1
8/4/2017 12:10,27.510,73.20,4.905,40876.18202,31544.7,27873.1
12/5/2017 8:50,8.300,86.70,4.918,25867.68061,20340,7663.87
7/26/2017 22:10,29.970,40.85,4.907,47808.63787,31963.3,42796.3
1/10/2017 18:20,14.690,73.20,0.076,44603.54430,27133.1,25856.4
7/1/2017 2:30,20.870,70.90,4.917,28997.74086,19131.6,21636.2
11/24/2017 17:30,17.260,52.82,4.921,37778.46154,32511.6,15585.5
3/8/2017 2:40,10.040,84.80,0.078,23272.85106,13803.7,14225.8
10/1/2017 5:30,17.970,86.90,4.915,24836.06127,13836.1,11870.2
7/28/2017 22:00,27.720,46.12,4.903,48038.27243,32612.7,37217.1
2/2/2017 10:40,11.830,65.41,4.916,32424.40678,20028,15132.3
2/27/2017 2:50,14.770,57.64,0.079,22454.23729,13480.9,14466.6
4/6/2017 3:30,15.250,72.70,0.070,23362.41119,12724.6,16011.6
12/12/2017 22:30,15.260,56.34,0.081,33149.80989,26883.1,14866.7
7/24/2017 20:00,29.390,33.38,4.909,50755.61462,35008.9,47429.6
3/5/2017 9:20,13.320,55.71,4.919,25062.12766,13192.7,12611.6
1/27/2017 9:10,6.845,85.30,0.093,28368.60759,18496,13283.9
8/28/2017 23:20,24.620,87.10,4.920,38932.74140,24185,23124.3
4/30/2017 6:00,12.730,83.50,4.916,18526.24327,10253.8,10164.4
7/5/2017 0:40,24.330,85.40,4.914,33092.89037,21877.2,26474.3
3/13/2017 17:50,17.160,61.32,0.074,34057.53191,20732.9,17761.9
6/6/2017 5:00,20.700,89.70,0.067,23179.86755,14332.6,12819.7
1/24/2017 10:30,11.250,67.75,0.089,31643.54430,18860.8,16603.4
10/23/2017 15:30,21.420,69.60,4.920,34578.90591,22275.9,12838.9
11/17/2017 11:20,18.520,66.81,0.075,31433.84615,24515.7,17482.4
4/30/2017 10:50,22.870,51.68,4.920,31025.87729,17897.4,17832.7
5/4/2017 0:50,20.570,70.90,0.078,26766.68852,16450.8,16265.6
5/23/2017 18:40,19.790,60.79,4.924,36889.18033,23442.7,19483.7
10/18/2017 6:30,19.640,75.30,0.104,27684.55142,18362.2,9815.93
7/1/2017 10:10,25.850,51.20,4.920,30330.89701,20327.8,20961.3
2/18/2017 19:10,13.610,75.20,0.072,42571.52542,24766,25205.1
9/17/2017 0:50,17.350,61.93,4.924,29889.55752,15769.6,14667.7
12/25/2017 11:40,10.350,77.40,0.088,32584.03042,25800.6,9674.91
2/20/2017 22:30,9.910,85.70,0.087,36195.25424,23022.5,22762.1
2/28/2017 14:40,19.060,44.06,0.083,33370.16949,20947.1,16047
11/5/2017 9:10,17.890,87.80,0.072,23489.23077,16988.4,8934.94
1/21/2017 4:30,9.510,62.40,0.081,22025.31646,13550.2,14313.3
6/25/2017 2:20,21.510,77.30,4.917,41006.62252,23115.6,27990.6
5/26/2017 23:00,19.010,87.20,4.914,43184.26230,26192,24485.8
5/1/2017 2:10,17.770,67.06,0.079,23707.27869,14095.4,15414.4
6/8/2017 11:40,24.810,62.29,0.072,33720.79470,21106,16281.6
2/13/2017 6:20,8.650,89.40,0.081,24492.20339,14753.8,13719.8
8/23/2017 15:00,28.080,41.11,4.903,39591.20977,26370.9,24809.5
9/17/2017 7:40,14.270,77.30,4.915,23078.23009,11761.7,10672.8
1/4/2017 7:20,5.524,87.70,0.088,24443.54430,16117.9,13301.2
4/3/2017 8:50,14.130,89.80,0.258,29339.41873,17442.8,14801.5
8/27/2017 13:20,27.190,65.99,4.921,37737.26970,23428.5,21764
1/3/2017 16:10,15.340,66.83,0.071,31874.43038,21045.6,16458.8
7/27/2017 18:10,28.650,62.85,4.908,39139.93355,28070.9,33529.7
9/14/2017 6:40,20.460,69.02,0.275,25677.87611,16061.5,10502.1
2/27/2017 4:30,15.170,58.21,0.080,22765.42373,13178.1,13858.7
4/20/2017 4:40,16.190,82.00,0.072,24304.84392,13373.5,15447.3
8/24/2017 11:20,27.620,34.94,4.907,39482.53052,25990.7,22787.2
6/29/2017 13:50,30.060,51.77,0.068,35386.49007,20020.8,22803.7
4/10/2017 3:50,14.400,86.40,0.070,23790.22605,13113.2,15429.8
7/20/2017 0:00,28.230,42.51,4.909,38642.39203,24835.4,33511.6
12/16/2017 6:40,11.390,85.20,0.082,22156.65399,16790.4,8280.43
3/10/2017 12:50,18.560,60.65,0.081,32672.68085,21032.9,16182.6
5/15/2017 23:00,18.310,86.20,4.922,35856.78689,22057,21757.4
8/25/2017 3:30,20.040,78.50,4.909,28282.17536,17977.2,18188.8
12/3/2017 4:50,13.680,78.40,0.084,20781.74905,15339.7,9732.53
1/19/2017 22:50,10.930,53.59,0.086,36723.03797,23963.5,23334.9
6/24/2017 9:50,22.640,75.20,4.917,29130.59603,16080.2,15330.5
3/12/2017 7:40,11.810,71.90,0.081,20282.55319,10920.7,10892.9
6/15/2017 20:40,23.220,47.37,0.071,46550.46358,28395.8,28935.9
1/6/2017 10:00,10.900,76.10,0.082,29796.45570,19772.6,14035.7
5/2/2017 2:10,18.840,63.45,0.083,24147.93443,14455.7,14557.4
8/8/2017 16:30,28.700,74.80,4.903,38005.77137,29020.5,29341.7
12/24/2017 4:00,8.360,90.10,0.083,21025.09506,15431.7,9455.94
1/6/2017 20:20,13.340,74.60,0.085,42130.63291,26618.8,25573
12/4/2017 12:20,16.490,60.45,0.087,31914.82890,25561.2,9553.9
6/18/2017 7:10,20.440,81.70,0.068,22416.95364,11885.2,11543.6
11/3/2017 13:30,22.520,52.84,0.084,30443.07692,26315.7,11311.8
4/24/2017 18:20,19.820,61.19,0.085,34808.00861,19400.4,19275.6
12/5/2017 8:20,8.220,86.30,4.915,24815.20913,19636.7,7243.22
9/4/2017 2:10,19.240,68.06,0.150,26837.52212,15885.7,14385.3
3/19/2017 3:10,10.370,89.30,0.072,22892.93617,12841.5,14609
5/15/2017 10:20,20.570,67.76,4.923,34081.57377,21120.7,17151.7
2/7/2017 6:50,7.370,59.83,0.086,22356.61017,13521,13088.8
8/2/2017 2:50,25.650,89.30,4.912,28870.32186,20155.4,22335.8
7/23/2017 22:00,25.280,60.09,4.905,46500.99668,30740.5,43386.8
2/7/2017 5:20,6.573,63.64,0.084,22631.18644,13506.4,13980.3
5/16/2017 8:40,18.920,75.70,4.918,30065.31148,19597.5,13846.2
4/13/2017 5:20,15.520,86.40,0.073,23455.41442,12937.3,15156.4
3/15/2017 8:20,8.560,88.50,0.087,26177.36170,16500,11218.1
8/14/2017 2:50,19.560,57.99,4.905,28710.49945,19718.3,21306.6
7/7/2017 22:00,30.920,34.68,4.915,45046.64452,28484.8,34192.5
2/21/2017 2:40,7.660,88.60,0.085,21758.64407,12627.4,13887.7
4/6/2017 4:50,15.180,69.66,0.075,24590.05382,13905.1,16535.3
10/18/2017 12:30,19.240,88.80,0.079,37263.54486,25162.7,12197
9/1/2017 21:10,22.180,60.85,4.920,40899.82301,22617.9,21292.6
9/14/2017 11:40,24.590,51.65,0.287,40154.33628,26794.2,13402.7
5/25/2017 3:50,15.760,87.40,4.917,25457.31148,15778.3,15379.4
10/15/2017 10:50,22.230,71.50,0.068,33104.24508,18336.1,12272.8
2/10/2017 22:40,10.630,79.40,4.916,36298.98305,22201.8,22681.1
4/16/2017 11:50,20.740,54.51,0.076,31447.49193,16196.3,19083.6
5/10/2017 7:30,16.430,89.40,4.910,26162.36066,17283,11840.6
2/3/2017 23:00,12.980,70.60,0.079,35090.84746,20936.2,21870.6
8/12/2017 8:40,24.740,65.55,4.904,31472.23085,22181.6,22077
8/10/2017 13:50,35.440,28.61,4.908,41899.04550,29784.6,28053.7
4/28/2017 13:30,23.130,42.84,0.085,34721.20560,22160.9,17931.6
2/11/2017 8:20,10.130,84.20,4.914,22460.33898,13823.7,10524.3
7/26/2017 13:50,34.250,34.62,4.910,42342.05980,30026.6,33945.4
2/1/2017 18:10,12.570,49.44,4.922,42620.33898,25258.4,24655.1
4/13/2017 11:30,16.200,85.80,0.069,34938.21313,19143.8,20101.8
3/8/2017 19:30,14.180,74.80,0.073,46165.78723,24954.9,24752.9
12/5/2017 1:50,9.770,85.90,0.079,22272.24335,17799.3,10066.7
11/5/2017 20:10,19.770,69.41,0.070,36800.00000,29402.5,17522.9
7/12/2017 0:20,22.910,74.80,4.911,36001.59468,24319,30499.1
6/7/2017 9:50,21.800,79.10,0.072,29791.78808,19695.2,14166.6
8/1/2017 7:40,24.490,75.50,4.909,29893.18535,20068,19892.2
10/24/2017 3:40,18.600,80.50,4.914,25214.17943,15718.3,10784.7
11/1/2017 13:50,20.440,43.10,0.087,32381.53846,24582.6,13364.8
6/5/2017 23:00,20.980,86.50,0.066,42507.01987,26345.1,25485.8
5/18/2017 21:00,20.280,68.55,4.917,46205.90164,27666.9,26234.8
5/19/2017 3:00,18.280,70.80,0.078,25545.44262,14990.7,14977.2
11/5/2017 7:30,15.480,87.30,0.074,19390.76923,13340.1,7240.48
7/4/2017 1:10,24.220,87.40,4.914,30668.97010,20924.1,24305.3
8/15/2017 16:30,28.630,42.85,4.907,39335.49390,26906.9,26801.8
4/26/2017 23:50,14.960,69.84,0.082,29661.82992,16863.5,19578.2
8/27/2017 12:30,27.130,64.09,4.926,37213.05216,23135.8,21414.9
11/26/2017 20:40,15.960,72.90,0.081,37661.53846,30101.7,16221.7
11/27/2017 22:10,12.400,78.50,0.072,34578.46154,28911.6,14920.5
10/13/2017 18:20,24.010,54.38,0.086,45109.49672,29027.8,19806.9
11/23/2017 14:50,16.220,53.12,4.917,30898.46154,24132.6,11236.6
1/30/2017 12:40,17.790,63.72,4.916,35392.40506,20899.7,17199
1/10/2017 19:40,11.950,82.30,0.076,43272.91139,26294.2,25035.2
3/24/2017 23:10,13.160,53.67,0.087,34645.78723,20495.1,20972.9
4/16/2017 6:30,11.480,88.20,0.081,19716.68461,10103.5,11269.8
6/20/2017 3:10,20.620,88.40,0.069,37471.78808,23467.4,22833.2
2/26/2017 19:20,15.050,66.66,0.082,41461.01695,23883.3,25668.2
12/17/2017 6:50,9.210,85.00,0.080,19747.52852,15324.9,8147.9
8/13/2017 6:40,21.490,48.95,4.902,24056.47059,15916.8,16798.5
3/21/2017 18:30,16.110,68.28,0.085,37991.48936,23224.4,21582.6
3/2/2017 20:30,15.570,81.20,4.910,44364.25532,26261,25623.9
2/3/2017 17:10,14.550,62.88,0.081,30953.89831,18944.7,15277
8/31/2017 14:20,31.410,38.28,4.928,34662.28635,20269.5,16738.3
10/16/2017 19:40,20.310,89.10,0.077,46729.10284,28986.7,19474.3
4/3/2017 18:40,15.350,82.80,0.073,37598.10549,20122.6,23994.2
9/7/2017 6:20,21.730,90.20,0.313,24403.53982,14478.6,9843.19
3/6/2017 8:30,12.430,76.40,0.083,27605.10638,16580.5,11746.5
5/30/2017 11:00,23.030,69.68,4.920,32054.55738,20043.3,15175.4
11/12/2017 17:30,20.300,66.94,0.069,34061.53846,26773.1,19159.5
12/3/2017 6:50,12.870,70.40,0.083,18500.38023,13837.4,7998.08
4/30/2017 12:20,23.100,48.45,4.924,32104.71475,18813.8,18717.1
11/12/2017 9:30,13.780,82.80,0.084,23483.07692,16583.1,13769.6
8/18/2017 21:00,25.100,69.95,0.067,49027.12542,32400,38682.9
1/21/2017 14:50,12.930,56.53,0.082,33782.27848,21756.8,17788.9
3/2/2017 3:00,14.150,83.70,0.085,22892.93617,13704.9,13970.3
4/1/2017 14:30,16.370,79.30,0.075,34113.58450,16636.3,18647.3
7/11/2017 22:00,25.420,69.06,4.911,46928.37209,30148.1,38199.2
5/25/2017 3:30,16.240,86.60,4.921,26137.18033,16398.8,15595.1
2/21/2017 3:30,7.440,89.10,0.082,21270.50847,13302.1,13424.6
1/21/2017 15:50,13.010,53.92,0.082,33016.70886,20739.2,17465.1
1/7/2017 22:20,13.100,77.90,0.077,36364.55696,23059,23635.7
5/14/2017 14:40,27.060,39.53,0.078,31135.47541,18312.1,18311.9
5/30/2017 21:00,21.220,78.70,4.918,44430.68852,27072.4,26333.9
9/5/2017 11:40,25.750,44.78,0.294,36904.77876,19889.8,15603.2
2/5/2017 2:30,8.240,54.46,0.091,22496.94915,13327.7,14918.1
7/7/2017 1:00,22.760,83.70,0.057,31625.78073,20946.8,25004.2
8/2/2017 20:50,26.170,57.73,4.908,49570.52164,33323.8,36299.4
7/5/2017 1:40,24.210,85.90,4.915,30082.12625,19678.5,23570.2
2/19/2017 1:10,13.660,75.60,0.073,26054.23729,15399.4,16637.4
3/20/2017 17:30,15.830,58.16,0.078,32047.65957,19752.4,15578.7
6/25/2017 15:20,24.510,68.65,4.922,35882.38411,20488.6,23412.2
9/17/2017 11:40,23.110,57.13,4.919,33381.23894,18303.1,13761.6
8/2/2017 6:30,25.070,93.10,4.908,24881.15427,16095.5,16497.6
7/14/2017 23:20,25.450,80.70,4.916,36875.48173,27474.7,35493.9
9/9/2017 11:10,25.400,67.89,0.270,35203.53982,21469,15809.1
12/17/2017 7:30,9.030,85.40,0.083,18263.11787,13185.6,6223.29
3/11/2017 1:00,12.750,72.00,0.081,25491.06383,15168.3,16734.2
6/15/2017 20:10,23.910,45.57,0.069,46080.00000,28118.9,28752.7
5/18/2017 5:10,18.380,83.40,4.916,21478.81967,13062.5,11560.8
12/25/2017 23:50,9.700,79.00,0.084,27625.85551,23484.5,12112.4
8/28/2017 15:30,25.650,84.60,4.924,38472.45283,24029.1,19657.4
5/17/2017 14:20,21.470,66.70,4.918,35277.63934,22878,17845.5
12/7/2017 8:50,4.785,86.40,0.083,25423.57414,20196.4,8084.51
5/22/2017 21:00,18.370,74.50,0.068,47036.85246,27804.3,26392.2
7/15/2017 2:20,24.880,85.40,4.916,28481.06312,20559.5,25389.8
10/6/2017 16:10,25.960,39.41,4.918,30766.21444,21674.7,12763
5/20/2017 2:30,18.720,87.50,0.067,25281.04918,14752.9,15490.2
3/30/2017 8:40,15.150,75.70,4.916,29363.74468,17282.9,13889
1/7/2017 4:20,9.370,84.60,0.089,21332.65823,13739.8,13948.9
4/27/2017 17:40,21.790,41.84,0.073,32699.93541,20393.9,16750.5
10/27/2017 6:50,18.080,65.78,0.087,22529.54048,18997.1,8800.49
1/19/2017 22:20,10.970,54.72,0.086,39214.17722,25925.8,24520.5
12/12/2017 11:10,19.570,44.96,0.083,31756.65399,24563.4,9490.52
5/1/2017 14:00,25.010,46.28,0.072,31412.45902,19530.7,17909.6
10/24/2017 8:10,17.440,87.10,4.914,29020.56893,19404.1,9115.62
10/16/2017 4:30,19.960,89.20,0.276,26443.06346,16476.3,12056.9
12/6/2017 17:50,14.290,51.11,0.092,39847.90875,34457.2,16174.8
5/21/2017 18:50,20.030,58.19,0.072,33363.93443,18969.7,18580.1
9/6/2017 15:10,26.900,60.79,0.307,32387.25664,21644.9,16309.2
9/9/2017 9:20,22.870,81.20,0.276,31291.32743,18778.4,13955.8
5/23/2017 7:20,15.410,87.20,0.068,25583.21311,15811.8,11799.8
8/22/2017 7:00,23.000,60.79,4.923,26140.55494,16658.1,14890.5
4/5/2017 22:30,15.610,72.20,0.073,36407.66416,19939.3,25262.5
3/26/2017 20:00,16.200,70.80,0.081,44915.74468,21954.9,25734.2
7/29/2017 15:30,34.020,30.18,4.907,40237.07641,27030.4,27775.7
7/17/2017 14:40,31.190,45.46,4.920,41110.96346,28386.1,30794.3
11/27/2017 19:20,14.680,78.00,0.072,39809.23077,33954.5,16522.4
1/2/2017 0:30,10.310,79.20,0.076,24972.15190,16785.4,16586
6/29/2017 19:50,25.790,61.07,4.920,41992.05298,26715.6,32882.2
3/1/2017 2:20,12.040,86.60,0.087,23260.59574,13858.5,14388.4
2/16/2017 4:50,14.300,64.65,0.083,22570.16949,13914.9,13789.3
5/7/2017 20:10,22.010,53.01,0.082,43687.86885,24828.5,26007.4
6/16/2017 3:50,16.390,77.60,0.070,30910.72848,19313.5,18538.3
7/24/2017 10:00,27.300,53.69,4.904,38342.59136,31363.3,26118.8
8/21/2017 14:30,29.030,48.12,4.923,38926.34850,26363.3,25507.7
8/6/2017 19:30,27.750,79.10,4.903,41023.21865,32734.5,38628.7
2/8/2017 11:30,9.860,86.70,4.921,33144.40678,20031.6,15942.8
8/20/2017 13:40,27.310,74.70,4.921,37513.51831,24082.4,26687.4
10/1/2017 19:20,23.030,59.92,4.923,44743.98249,24927.4,19427.6
5/14/2017 19:50,23.450,40.49,4.921,42844.32787,24256.3,25476.9
7/9/2017 6:00,22.130,80.40,4.911,21719.60133,12611.4,15611
7/14/2017 18:10,27.250,70.40,4.912,33603.18937,24383.5,29155.5
9/14/2017 15:40,26.690,43.81,0.303,37949.73451,23931.4,14726.5
3/4/2017 21:50,13.570,60.31,4.926,39762.38298,23268.3,23783.2
5/15/2017 19:40,19.970,76.10,4.922,46155.54098,27429.1,26194
1/9/2017 1:50,14.980,69.80,0.076,22116.45570,13583,14955.2
2/17/2017 1:50,13.020,57.04,0.081,24083.38983,14458.4,14808.1
10/3/2017 10:30,24.580,50.42,4.978,36501.00656,22010.8,12004.4
3/29/2017 21:20,18.250,70.50,4.915,44915.74468,22507.3,24363.9
10/17/2017 22:10,21.820,61.06,0.104,37900.04376,23769.7,17385
7/28/2017 10:50,32.150,35.05,4.907,40428.43854,30550.6,31300.4
1/30/2017 14:50,18.240,63.42,4.918,34231.89873,20615.2,16620.7
7/28/2017 6:00,24.900,60.72,4.907,25565.98007,17024.1,18292.2
4/16/2017 4:10,12.580,85.70,0.079,23982.43272,12680.7,16570.2
3/19/2017 1:20,10.520,87.60,0.074,25956.76596,14904.9,16008.4
4/28/2017 23:30,15.430,61.66,0.081,31298.68676,18733.2,19857.5
4/30/2017 16:30,25.780,37.44,4.918,29178.21313,17211.8,17355.6
9/22/2017 4:20,21.560,45.55,4.921,26780.17699,14527.2,12826.1
6/7/2017 21:00,21.100,82.60,0.070,45431.52318,27737.2,27264
4/14/2017 2:10,16.040,86.30,0.082,24658.25619,13523.8,16232.7
12/30/2017 17:00,14.150,41.52,0.076,29712.54753,26430.2,12077.8
9/7/2017 8:20,22.130,88.90,0.285,29551.85841,18291.9,12979.1
11/27/2017 1:40,11.140,83.10,0.077,23735.38462,17988.8,10450.1
2/25/2017 19:10,14.280,46.60,0.084,42516.61017,24383,25315.1
8/20/2017 7:40,24.270,93.50,4.922,25271.12098,15875,17599
9/25/2017 2:40,18.610,87.80,4.916,26302.30088,14942.6,11914.2
2/26/2017 20:40,14.170,69.53,0.083,42217.62712,24623.7,25847.6
6/29/2017 3:40,22.580,82.90,4.915,27878.14570,17307.7,20298.8
8/31/2017 3:20,22.300,70.30,4.921,27112.27525,15818,14992.9
3/20/2017 2:30,10.980,85.80,0.079,23089.02128,13361,14225.8
5/20/2017 7:40,19.060,85.00,0.068,26401.57377,15856.3,12557.7
4/16/2017 8:20,11.670,88.70,0.085,22953.19699,12207.7,13218.9
5/18/2017 17:30,24.960,53.61,4.920,33729.04918,21187.6,17175.1
9/29/2017 6:40,17.230,86.10,4.916,26136.63717,17842.8,7601.55
2/17/2017 7:00,11.490,75.80,0.080,23662.37288,14688.1,11548.9
10/31/2017 9:40,19.420,79.30,0.071,29228.53392,22981.7,9570.82
7/4/2017 2:20,24.250,85.90,4.917,28991.36213,19139.2,22654.4
5/7/2017 18:10,24.900,41.34,4.218,29284.72131,17234.7,16662
3/29/2017 14:10,24.340,41.04,4.920,36851.74468,19672,16031.6
7/15/2017 19:00,26.840,74.00,4.913,37455.94684,25427.8,33174.2
5/2/2017 19:30,25.440,39.73,0.081,45097.96721,26544.9,25284.5
6/28/2017 11:00,29.280,38.83,4.923,33046.88742,20533.5,19755.3
1/21/2017 0:50,9.980,72.70,0.086,26600.50633,17376.3,17251.1
5/22/2017 0:00,17.800,75.60,0.067,32054.55738,19813,19343.8
12/30/2017 12:20,14.230,38.25,0.078,30576.42586,26360.2,10130.1
4/2/2017 3:40,15.020,87.20,0.070,22915.99569,10968.6,15051.6
9/13/2017 23:40,21.710,67.26,0.297,34164.95575,20780.5,16685.8
1/8/2017 5:10,13.360,73.70,0.100,20664.30380,12904.6,14267
2/9/2017 16:30,13.620,61.50,4.918,31972.88136,19433.4,15595.4
10/12/2017 7:10,17.100,78.30,0.082,27192.99781,17652.7,9197.33
7/13/2017 8:40,25.060,77.10,4.911,32773.95349,21994.9,21822.9
6/27/2017 1:10,20.870,89.60,4.917,30287.68212,18703.5,22975
3/3/2017 16:00,24.570,41.25,4.919,31667.74468,21625.6,15456.8
4/22/2017 7:00,14.380,89.10,0.076,21992.16362,12585.3,11345.5
9/20/2017 18:30,26.700,66.12,4.974,43257.34513,26225.4,18974.5
3/8/2017 19:20,14.250,74.50,0.071,44597.10638,26608.5,24903.9
2/20/2017 11:20,14.130,68.98,0.073,35676.61017,21931.9,16440.6
8/9/2017 14:00,30.300,65.22,4.904,41649.72253,32004.6,29341.7
3/5/2017 9:30,13.610,52.44,4.921,25681.02128,13434.1,12971.6
11/4/2017 1:40,15.570,85.90,0.081,23495.38462,19015.3,11022.7
10/23/2017 21:30,20.300,80.40,4.916,40509.05908,25117.8,17945.3
5/23/2017 5:20,14.410,91.10,0.068,21138.88525,12817.3,11088.6
9/19/2017 14:40,23.980,78.10,4.924,37044.95575,23209.1,14214.7
10/23/2017 5:00,19.170,79.60,4.915,26524.98906,16431.5,11549.2
11/26/2017 7:20,12.020,71.80,4.918,18996.92308,12905,6610.12
6/23/2017 15:00,28.440,36.46,4.920,38438.14570,23437.4,19968
1/25/2017 14:10,17.000,29.62,0.087,35957.46835,21702.1,16933
2/25/2017 16:40,16.840,37.18,0.082,31606.77966,18167.8,16093.3
3/29/2017 4:50,15.160,60.79,4.921,25920.00000,13759.8,14614.8
2/15/2017 1:50,15.320,65.52,0.080,23717.28814,14370.8,14947.1
10/29/2017 3:00,15.900,83.40,4.915,23361.40044,16760.2,10703
8/25/2017 9:20,24.890,67.66,4.912,34016.60377,22280.5,19621.3
1/30/2017 6:00,16.520,63.75,4.923,23969.62025,14742.9,15007.2
10/22/2017 0:40,17.780,88.50,4.916,28749.58425,16924.5,12669.7
7/13/2017 14:40,28.980,58.83,4.911,40479.46844,28351.9,29667.6
11/19/2017 14:20,20.290,65.72,4.922,28658.46154,21045.9,11930.6
1/26/2017 22:30,10.620,80.90,0.087,38242.02532,24269.9,23583.6
7/28/2017 5:00,25.250,61.12,4.903,26873.62126,18121.5,21618.1
3/28/2017 9:20,17.230,72.00,0.083,29547.57447,19093.9,13680
3/9/2017 1:00,11.510,85.90,0.072,26545.02128,15409.8,16124.5
11/4/2017 7:00,13.960,87.40,0.082,20670.76923,16244.6,7974.94
12/11/2017 13:30,15.640,75.20,0.075,32955.13308,27078.2,12429.3
1/30/2017 8:50,15.370,77.30,4.912,26084.05063,16030.4,11849.6
1/19/2017 0:00,14.710,63.97,0.080,27918.98734,18835.3,17829.4
6/8/2017 12:00,24.840,65.53,0.069,34165.82781,21304.4,16435.2
3/24/2017 4:00,10.340,66.58,0.084,21508.08511,12614.6,12942.6
5/11/2017 15:30,21.940,69.54,4.925,34685.90164,22484.2,16796.1
9/24/2017 10:40,23.070,75.40,4.916,32578.40708,17943.9,13443.9
4/3/2017 20:20,15.000,86.70,0.077,44678.75135,24140.5,28637.1
11/30/2017 0:10,12.730,74.50,0.073,26067.69231,21878.9,11225.1
7/14/2017 21:30,25.650,78.20,4.914,43069.23588,30292.4,40416.4
10/25/2017 20:10,21.000,71.00,0.084,40364.11379,33109.5,19468.4
7/8/2017 6:20,23.100,49.46,4.914,23626.84385,15030.4,14574.7
5/9/2017 3:50,18.010,88.30,0.224,25923.14754,15696.6,15968.3
11/5/2017 4:10,14.640,86.60,0.074,22098.46154,16404.5,10288.2
7/1/2017 1:30,20.760,72.60,4.916,30299.00332,20301.3,23299.1
3/11/2017 8:40,10.500,78.00,4.919,25454.29787,14593.9,12751
9/21/2017 21:40,26.290,35.91,4.921,42957.87611,24477.8,19186.3
6/4/2017 21:40,20.650,83.80,0.066,42685.03311,25001.7,26903.6
1/25/2017 6:10,3.778,78.80,0.081,25409.62025,15614.6,15117.1
4/15/2017 22:20,15.850,76.00,0.081,39086.15716,20738.5,26926.5
4/3/2017 0:40,14.870,87.10,0.075,25954.10118,13934.4,16878.5
2/27/2017 8:10,13.030,74.60,0.084,25169.49153,15672.9,11195.8
5/18/2017 0:40,17.480,86.60,4.919,28164.19672,17557.9,17035.1
9/8/2017 17:30,25.620,64.72,0.261,34872.21239,21139.7,15691.4
9/12/2017 17:40,25.500,42.95,0.273,36165.66372,22636.6,15456.1
1/18/2017 11:10,13.900,49.85,0.078,36309.87342,22599.4,17748.4
5/19/2017 12:50,23.190,58.86,0.072,33275.80328,22298.5,16895.2
1/26/2017 10:00,7.160,80.90,0.085,31430.88608,18124,15996.1
6/22/2017 23:10,21.190,62.54,4.918,45736.68874,27651.1,27831.1
6/17/2017 13:20,23.560,65.79,0.054,35577.21854,18621.2,23359
5/17/2017 4:00,16.990,86.10,4.917,25444.72131,15596.3,15047.1
7/19/2017 21:40,27.420,57.72,4.914,47317.47508,30691.1,42187.8
3/23/2017 17:50,12.080,62.70,0.082,33211.91489,20568.3,16478.7
1/27/2017 10:00,7.840,86.30,0.090,31898.73418,20491.2,14787.5
3/6/2017 19:10,14.040,64.59,0.075,44419.40426,26480.5,25304.5
1/5/2017 14:40,17.750,56.13,0.082,32457.72152,21749.5,16817.3
11/22/2017 0:20,12.150,54.75,0.087,25095.38462,21455,11456.4
2/14/2017 12:50,16.270,56.09,0.080,32955.25424,21687.5,16753.2
2/18/2017 10:00,13.710,74.10,0.072,30819.66102,17817.6,14507.1
9/24/2017 1:50,21.400,83.70,4.919,27691.32743,15111,13320.4
9/22/2017 18:40,26.440,33.64,4.922,45136.99115,25824.9,21280.8
1/29/2017 14:30,17.290,49.71,4.916,31114.93671,17317.9,16528.2
4/2/2017 5:50,14.540,89.80,0.068,20361.50700,9491.24,13399.3
8/18/2017 0:30,22.510,67.18,0.071,35768.25749,25606.8,27794.9
10/2/2017 0:10,20.390,63.25,4.921,29827.22101,16961.8,13620.9
6/11/2017 4:50,18.980,67.89,0.080,24082.64901,12596.3,14444.3
12/22/2017 7:10,14.380,78.40,0.071,23215.20913,18314.8,7577.43
1/19/2017 0:10,14.580,65.38,0.087,27116.96203,18426.7,17436.1
10/26/2017 10:00,20.630,63.41,0.082,31856.45514,25308.3,9144.8
5/20/2017 21:40,18.680,78.20,0.069,42882.09836,26121.4,26421.4
4/24/2017 5:30,14.870,79.30,0.081,20925.72659,11522.2,12677.8
3/1/2017 13:40,20.830,53.34,0.084,34057.53191,19909.8,18110.3
8/29/2017 6:20,24.470,92.00,4.918,24030.89900,14107.3,11508
7/14/2017 3:00,23.390,89.30,4.915,29801.46179,19716.5,24124.5
11/27/2017 7:30,8.620,88.60,0.081,23396.92308,18435.1,7575.9
8/11/2017 6:10,24.480,52.55,4.903,25283.90677,17273.9,16166.5
8/9/2017 8:10,25.980,89.00,4.910,32111.52053,22588.4,21571.4
9/5/2017 17:30,24.480,68.59,0.318,33476.81416,18744.7,15891.5
11/13/2017 8:40,18.530,63.78,0.070,24996.92308,19030.2,12462.7
1/9/2017 4:40,14.810,72.10,0.073,19576.70886,12499.7,13694.5
1/17/2017 5:40,10.150,73.40,0.079,22821.26582,13966,14232.3
11/14/2017 10:10,19.240,73.40,0.073,28153.84615,23801.7,16285.3
8/7/2017 16:40,30.190,53.42,4.906,40626.85905,32190.9,24478.5
5/15/2017 19:30,20.260,74.00,4.920,45425.31148,26834.7,25785.9
11/26/2017 22:50,13.330,79.00,0.079,31692.30769,25921.5,13844.8
8/20/2017 12:20,27.120,77.10,4.926,37532.69700,23778.2,26266.1
12/1/2017 21:20,14.940,76.80,0.085,34871.48289,28101.9,15074.2
8/9/2017 7:20,25.940,88.70,4.908,29337.00333,19687.9,18694.4
11/10/2017 15:20,21.050,61.84,0.072,29950.76923,24419,16343.1
9/30/2017 14:10,23.820,66.03,4.922,31316.81416,22273.6,13844
3/27/2017 1:20,12.700,85.10,0.086,24902.80851,12804.9,14765.8
2/2/2017 22:00,13.180,55.77,4.915,39166.77966,23777.5,24591.4
4/10/2017 10:50,15.650,83.00,0.072,29438.62217,20577.2,17623.3
7/4/2017 19:20,25.710,74.50,4.923,40147.77409,25313.9,29824.3
8/26/2017 1:40,23.390,86.30,4.922,30871.29856,19322.9,20644.5
5/17/2017 10:30,20.470,72.70,4.922,34232.65574,19478.6,16848.6
2/23/2017 23:20,15.270,56.28,0.081,34529.49153,20713.7,20133.9
11/24/2017 23:50,17.390,52.72,0.077,27950.76923,23054.1,12370.1
6/17/2017 21:30,20.940,84.40,0.071,45024.63576,26434.9,28587.3
10/1/2017 15:40,25.740,49.85,4.921,32108.53392,17615.4,12914.8
11/13/2017 14:40,21.020,56.47,0.071,31600.00000,25910.3,17268.4
5/23/2017 11:20,17.470,70.20,0.068,37002.49180,22625.4,17449.1
1/21/2017 20:10,11.450,68.08,0.089,44129.62025,27767.8,26747
11/5/2017 20:30,19.840,67.04,0.068,36276.92308,29380.2,17181.7
4/15/2017 13:00,20.410,53.54,0.090,34051.58235,19660.7,20160
9/6/2017 0:40,23.070,69.79,0.268,30953.62832,18763.4,16668.1
9/13/2017 5:00,20.970,64.55,0.271,27640.35398,17244.1,13596.9
11/20/2017 17:00,18.260,66.24,0.077,32116.92308,27424,12977.3
7/18/2017 1:10,24.940,53.89,4.923,32742.05980,22177.2,28372.2
5/14/2017 23:10,18.940,52.60,0.081,35441.31148,21117,21600
3/31/2017 15:30,21.620,57.12,0.072,32023.14894,20103.7,14667.1
11/12/2017 16:30,20.740,63.88,0.074,27169.23077,20261.2,13220.2
4/19/2017 1:30,12.930,69.94,0.084,25061.27018,14154.4,16418.9
6/3/2017 15:20,23.640,61.02,0.070,36594.43709,20791.7,18827.8
4/2/2017 10:30,14.750,89.60,0.072,28483.78902,16786.6,17559.3
10/13/2017 23:30,19.440,72.00,0.102,32650.50328,20427.4,14449.6
4/13/2017 12:10,16.430,84.90,0.075,35496.23251,19180.4,20567.3
12/6/2017 1:00,8.750,75.10,0.083,23799.23954,19349.5,10838.9
6/23/2017 20:40,23.980,46.66,4.919,48953.64238,26775.5,29627.1
12/8/2017 14:10,17.030,47.50,0.086,30211.40684,25749,9761.34
1/3/2017 23:40,8.330,84.70,0.076,29298.22785,19728.9,19113.3
4/5/2017 11:00,16.140,78.60,0.071,34646.80301,18472.9,18461.1
8/28/2017 4:40,24.380,90.00,4.921,28058.42397,17133.3,16190.6
4/30/2017 23:40,20.470,55.65,0.081,30790.26911,18931.2,20608
2/14/2017 9:00,13.950,57.50,0.083,26023.72881,17018.8,12452
3/1/2017 9:00,10.620,87.00,0.089,27880.85106,17912.2,12443.2
8/14/2017 2:20,19.630,61.89,4.902,29196.35960,20204.9,22251.5
12/10/2017 1:50,8.470,82.40,0.088,23403.80228,17876.6,10452.8
8/31/2017 15:40,30.230,42.45,4.919,34297.89123,20007.2,16985.1
3/7/2017 6:40,8.280,88.00,0.077,21814.46809,13372,11055.5
3/2/2017 10:30,14.650,81.60,0.083,30528.00000,21552.4,15120
4/28/2017 23:10,16.310,58.09,0.085,32923.14316,19976,20800
4/27/2017 10:40,19.340,49.86,0.090,34522.79871,20335.2,17227.6
2/17/2017 13:40,10.380,76.50,0.076,34651.52542,21166,16168.5
2/3/2017 17:50,14.320,65.42,0.082,36183.05085,21738.6,20869.1
2/11/2017 4:30,12.400,75.00,4.915,22167.45763,13174.5,13771.9
12/29/2017 2:20,12.520,48.10,0.078,22387.83270,17957.7,9813.21
5/14/2017 15:50,26.420,38.33,0.081,30631.86885,17751.1,17495.7
1/21/2017 17:00,13.130,49.02,0.087,32810.12658,20589.7,17418.8
4/23/2017 23:40,16.250,74.30,0.081,30033.84284,16551.9,19636.4
12/7/2017 12:10,11.790,64.04,0.090,31707.98479,26783.7,8827.85
10/28/2017 20:20,18.940,76.80,4.919,39002.88840,30973.4,17921.9
2/9/2017 3:30,11.350,66.04,4.917,22027.11864,13046.8,14148.2
8/23/2017 22:30,22.540,69.75,4.910,44277.20311,29681.9,30894.5
6/26/2017 16:50,25.290,66.41,4.923,26918.14570,15975.5,20133.4
7/27/2017 17:50,29.930,58.82,4.906,39331.29568,28215.2,33565.9
2/20/2017 0:50,13.970,62.12,0.079,25608.81356,15782.4,15722.8
3/8/2017 3:40,10.320,84.90,0.073,22672.34043,13511,14005.2
2/19/2017 6:40,13.740,70.80,0.071,20782.37288,12226.1,13436.1
8/25/2017 1:00,22.940,80.20,4.908,32463.12986,20949.9,22666.8
6/9/2017 4:40,19.340,75.40,0.079,25595.76159,16776.3,15661.3
4/28/2017 3:40,14.630,76.30,0.079,24193.24004,15279.8,15057.5
5/3/2017 15:40,26.200,29.79,0.083,31676.85246,21388.2,16323.9
10/9/2017 21:00,20.000,74.70,0.083,44302.84464,26189.6,19351.7
9/5/2017 8:30,20.120,72.20,0.294,27162.47788,15702.3,12302.5
9/6/2017 4:20,22.400,80.10,0.254,26620.88496,16286.1,13855.8
3/6/2017 5:00,12.320,73.80,0.078,23603.74468,13587.8,13813.5
4/12/2017 3:10,15.260,88.20,0.069,23988.63294,13358.9,16000
3/6/2017 12:50,15.430,60.01,0.073,36680.17021,21461,16641.3
10/21/2017 15:00,22.110,72.00,4.923,33828.97155,21939.8,12704.7
10/3/2017 11:50,27.310,43.08,4.925,38158.42451,23153.5,12728
10/16/2017 14:50,20.850,83.90,0.064,35738.46827,23377.6,12523.8
2/9/2017 17:00,13.710,59.43,4.922,31820.33898,19378.7,15624.4
10/22/2017 6:20,16.880,90.20,4.911,22126.21444,12891.3,8462.01
1/27/2017 6:00,7.620,85.40,0.084,24601.51899,15443.2,14961
9/23/2017 9:30,21.220,63.35,4.923,30125.30973,19220,12679.1
1/5/2017 1:30,8.260,79.90,0.087,23021.77215,15034.7,15383.1
12/30/2017 21:00,8.800,65.49,0.082,36343.72624,31345.8,16877.8
9/27/2017 7:40,19.670,89.10,4.909,28857.34513,17925.2,10013.8
8/17/2017 4:20,20.610,74.40,0.072,29611.89789,19954,19874.1
7/19/2017 6:00,21.660,54.56,4.920,24991.89369,16048.1,18213.9
12/18/2017 0:30,11.260,84.80,0.082,24474.52471,20292.1,10694.8
11/5/2017 4:40,14.970,87.60,0.073,22510.76923,16575.6,10282.4
1/2/2017 9:10,8.690,86.70,0.079,23495.69620,17668.1,13110.4
1/15/2017 13:40,18.500,50.74,0.083,31698.22785,18065.7,17534.5
7/16/2017 21:30,26.020,85.30,4.917,47094.21927,30060.8,41187.6
4/2/2017 8:20,14.590,90.90,0.073,23709.62325,11221.6,12997.8
9/8/2017 19:40,23.950,75.90,0.258,46921.06195,28253.6,23763.7
9/1/2017 7:50,20.730,72.00,4.918,26646.37168,14531,12937.9
12/19/2017 4:10,12.320,86.60,0.085,21244.10646,16864.1,8925.81
1/29/2017 9:00,11.810,68.38,4.916,22505.31646,12401.2,12138.8
10/17/2017 10:50,21.120,92.20,0.082,37465.20788,22182.6,11164
8/31/2017 20:20,24.290,61.42,4.922,46591.43174,27119.7,22173.3
3/9/2017 12:20,14.400,77.40,0.074,34327.14894,21567.1,16716.8
5/11/2017 2:50,18.650,84.60,4.918,25394.36066,15258.2,14913
3/25/2017 8:50,11.630,60.73,0.086,25687.14894,15150,12048.4
11/21/2017 11:50,15.120,44.74,4.920,31193.84615,25750.4,10311.3
3/20/2017 0:30,11.420,83.50,0.082,27427.40426,16152.4,16461.3
5/15/2017 12:20,20.640,69.06,4.924,36133.77049,21733.7,19437.1
8/13/2017 2:30,22.840,59.92,4.901,30072.18646,21033.6,22931.7
11/23/2017 21:40,10.670,70.60,4.919,35723.07692,30071.9,15678.1
6/6/2017 14:40,21.780,79.60,0.067,35767.94702,22674,18591.5
4/24/2017 4:10,14.700,80.50,0.081,24813.26157,13281.9,15610.2
2/16/2017 6:00,14.360,62.45,0.081,24443.38983,14936.2,14148.2
5/13/2017 3:50,17.380,90.40,0.069,25495.08197,14459.4,15880.8
1/5/2017 16:00,17.960,50.78,0.081,31661.77215,21093,15822.7
9/30/2017 14:50,23.890,65.80,4.924,31425.13274,21446.6,13649.8
5/3/2017 14:40,27.780,30.79,0.074,30845.90164,22276.2,16982.7
4/13/2017 16:40,17.060,80.60,0.076,32724.73628,18619.6,18077.1
12/9/2017 1:40,8.630,81.40,0.082,23075.28517,18675.7,10925.3
8/5/2017 18:30,28.250,65.62,4.905,38760.13319,27632.9,29305.6
5/27/2017 23:30,19.610,84.20,0.069,38765.11475,24256.3,24031.1
10/22/2017 4:00,16.990,90.30,4.913,25390.63457,14672.6,11607.5
4/23/2017 19:10,18.740,63.53,0.084,40741.61464,20401.2,26368
3/1/2017 23:50,13.610,84.50,0.089,30276.76596,18918.3,18493.5
11/17/2017 19:10,17.650,74.90,0.074,38233.84615,31395.9,21883.4
5/18/2017 13:20,27.360,36.64,4.920,36045.63934,23245.8,18556.8
10/17/2017 13:20,22.580,83.70,0.098,38649.97812,22417.8,12284.5
7/21/2017 15:20,39.600,14.31,0.072,37691.96013,26513.9,29083.2
12/22/2017 20:20,13.790,82.40,0.079,38485.17110,33054.3,16486
9/1/2017 13:10,27.960,44.61,4.924,28111.85841,15926.8,14250
7/23/2017 10:50,29.950,31.58,4.908,33622.32558,22557,30324.4
7/7/2017 6:50,22.380,71.50,4.917,24781.39535,16139.2,15141.1
6/12/2017 4:00,17.740,67.02,0.080,28850.86093,17947.6,17622.6
4/3/2017 1:20,14.830,87.30,0.073,24366.84607,13307.5,16081.5
4/11/2017 17:30,16.090,83.20,0.073,32030.31216,16966.2,17623.3
7/25/2017 8:40,24.890,60.23,4.908,34183.65449,24824.1,27137.1
6/3/2017 12:50,23.400,64.96,0.071,36225.69536,20821.6,18006.6
3/31/2017 12:40,22.820,52.22,0.073,33542.80851,21022,16374.2
2/10/2017 14:30,12.490,85.10,4.919,32644.06780,20965.3,16411.7
12/14/2017 10:40,12.410,67.17,0.092,31385.55133,22663.4,9450.18
9/15/2017 2:00,20.970,54.18,0.289,28226.54867,17034.5,13667.5
2/5/2017 19:50,8.990,51.29,0.086,39233.89831,22635.9,25083.5
5/7/2017 8:50,20.330,56.22,0.080,24727.08197,15436.5,13560.5
10/29/2017 8:10,15.110,87.20,4.917,21496.01751,14866.8,8321.95
10/4/2017 1:10,24.600,41.35,4.921,27892.51641,16420.3,12541.3
5/13/2017 1:40,17.290,90.20,0.073,26451.93443,15087.3,16090.7
9/26/2017 3:10,18.650,89.30,4.916,27015.92920,15552.6,12849.7
11/19/2017 11:30,17.170,73.10,4.918,29316.92308,20380.2,11514.2
4/24/2017 22:00,17.400,71.80,0.082,39656.57696,22171.9,26053.8
7/20/2017 19:30,31.460,39.71,0.070,42635.48173,29350.6,39838
5/5/2017 8:00,14.990,68.87,4.921,27068.85246,18665,12242.9
1/28/2017 21:20,13.330,70.70,4.919,41498.73418,24802.4,25324.3
9/23/2017 10:40,23.810,61.49,4.918,35165.30973,20990,14438.2
5/29/2017 22:50,21.640,67.44,4.927,42378.49180,26136.2,24689.9
12/18/2017 20:20,14.760,79.70,0.087,39866.15970,33776,15777.2
4/29/2017 17:10,24.450,40.61,4.922,32613.13240,18931.2,18589.1
12/12/2017 0:10,17.050,56.17,0.087,26488.21293,21753.9,10712.1
8/20/2017 0:00,24.870,88.60,4.917,37558.26859,26291,29811.2
6/6/2017 19:30,21.410,83.00,0.066,45711.25828,27898.1,27713
5/9/2017 22:20,19.010,86.50,4.919,40641.04918,24613,23710.4
11/19/2017 22:00,15.670,67.71,0.079,34443.07692,27632.2,15944.1
4/10/2017 13:10,15.990,82.60,0.071,35043.61679,20921.8,19298.9
3/27/2017 10:10,16.710,73.70,0.086,32758.46809,20389,14249
4/4/2017 4:40,14.850,85.10,0.074,24900.06459,14029.7,16058.2
9/1/2017 19:20,24.330,52.42,4.929,40313.62832,22868.6,21910.4
5/4/2017 21:20,18.110,56.86,0.080,43813.77049,26351.7,25541.1
10/31/2017 22:10,17.240,64.84,0.085,35246.91466,28856,15505.9
8/30/2017 7:00,24.070,93.00,4.924,22816.24861,15042.4,11261.2
2/28/2017 20:20,13.640,72.10,0.083,43834.57627,25907.6,25824.5
11/29/2017 7:50,16.230,67.02,4.918,23027.69231,19149.2,7338.8
8/17/2017 20:40,25.060,58.75,0.074,50893.85128,34163.9,38400
11/7/2017 20:30,20.830,67.87,0.074,38941.53846,32318.2,17430.4
12/26/2017 10:10,9.750,79.50,0.089,29384.03042,23620.7,10228.1
4/4/2017 1:10,14.770,85.40,0.068,24949.66631,14088.4,16546.9
12/18/2017 4:30,9.450,89.40,0.082,21183.26996,16665.2,9012.24
6/25/2017 23:20,21.810,85.40,4.918,46016.42384,26768,32391.9
7/18/2017 3:40,23.800,54.93,4.918,30216.07973,19788.6,24016.1
11/20/2017 21:50,16.770,62.41,0.084,35064.61538,28930.2,15626
12/4/2017 6:50,12.500,78.20,4.918,21073.76426,17585.8,7877.07
12/20/2017 20:50,16.240,75.70,0.069,39123.95437,33437.3,16001.9
11/27/2017 10:40,10.380,90.30,0.081,27587.69231,24076.9,10565.8
4/7/2017 12:10,13.590,87.30,0.068,34677.80409,20342.6,18816
7/15/2017 18:40,26.900,73.30,4.916,36594.81728,24846.8,31927
5/31/2017 20:00,21.480,77.20,4.919,43763.40984,26678.6,27208.4
8/30/2017 7:50,23.950,93.30,4.927,24951.47614,17076.2,12531.2
10/30/2017 21:00,19.330,86.60,0.073,38801.22538,31694.2,17180.8
8/9/2017 0:20,25.910,88.20,4.911,37219.44506,27089.3,30112.1
1/7/2017 14:10,14.710,62.47,0.078,32573.16456,20684.5,17256.9
11/23/2017 22:20,10.230,72.40,4.925,33864.61538,28000.4,14660.2
12/1/2017 23:40,15.550,71.30,0.085,28118.63118,22773.9,12279.5
1/13/2017 14:00,16.420,74.10,0.071,33490.63291,20753.8,16175.4
11/26/2017 9:50,14.860,60.39,4.924,25569.23077,17996.3,8506.99
9/25/2017 10:20,22.720,74.00,4.916,36299.46903,22662.8,12849.7
12/26/2017 0:30,8.960,81.00,0.086,25575.66540,21157.4,11000.2
10/4/2017 20:50,25.020,60.42,4.924,44996.06127,26671.4,19503.5
2/9/2017 6:10,11.260,66.48,4.918,24144.40678,14451.1,13881.9
2/9/2017 1:30,11.880,68.18,4.919,24772.88136,14480.2,15416
7/19/2017 9:10,27.450,37.32,4.915,35044.78405,24140.5,26474.3
11/12/2017 1:30,16.290,75.90,0.066,23710.76923,17702.5,11201.9
10/11/2017 9:50,23.920,54.49,0.082,33658.81838,21898.8,11741.8
9/14/2017 1:40,21.870,67.02,0.281,28819.11504,17420,14026.4
3/23/2017 0:40,12.800,77.30,0.075,27243.57447,16141.5,16281.3
3/17/2017 5:50,9.830,87.90,0.070,23407.65957,13529.3,13761.3
10/27/2017 1:00,17.850,71.80,0.073,24464.24508,19266,12500.4
2/8/2017 17:20,12.290,65.58,4.913,31838.64407,19072.3,15965.9
4/5/2017 12:20,15.990,79.70,0.069,35440.43057,19400.4,19514.2
7/7/2017 6:30,22.610,68.67,4.924,23728.90365,15763.3,14604.9
3/27/2017 12:30,22.170,56.91,0.085,37550.29787,19481.7,16385.8
5/12/2017 16:00,21.180,71.30,0.067,32595.93443,21392,16090.7
5/11/2017 22:10,19.020,86.30,0.065,40968.39344,24891.6,24340.1
4/12/2017 11:40,16.610,84.80,0.074,35434.23036,20613.8,18536.7
1/17/2017 9:20,9.450,76.00,0.083,29225.31646,18091.2,13110.4
1/7/2017 4:40,9.470,84.40,0.086,21557.46835,13878.4,14122.4
3/11/2017 9:20,11.980,74.60,4.921,28236.25532,16818.3,14400
2/4/2017 19:10,10.340,53.67,0.081,41796.61017,23883.3,25980.8
6/17/2017 3:20,19.700,84.80,0.065,35081.32450,21540.1,21415.4
5/30/2017 5:20,19.190,89.20,4.922,21579.54098,13515.8,10744.6
12/25/2017 16:10,17.550,50.04,0.075,31878.32700,25778.5,10084
9/8/2017 10:50,24.880,72.70,0.327,35509.38053,23508.5,15579.7
6/20/2017 22:20,22.710,75.90,0.073,46842.91391,26217.9,27848.9
7/12/2017 5:50,21.070,79.40,4.905,24430.56478,16017.7,16828.1
1/5/2017 17:30,15.900,58.32,0.077,38813.16456,25163.5,23664.6
12/22/2017 17:30,16.590,70.00,0.074,37517.87072,32023.3,14947.4
9/5/2017 15:30,25.580,61.22,0.303,34757.52212,19440.7,15891.5
5/21/2017 19:20,19.790,57.82,0.070,37342.42623,20949.8,23220.7
6/20/2017 4:40,20.740,85.80,0.066,26612.98013,17027,16783.8
1/12/2017 8:00,10.850,77.80,0.076,24692.65823,15592.7,11479.5
7/14/2017 16:20,28.130,64.53,4.911,40740.99668,22951.9,28167.4
6/1/2017 14:10,23.690,60.65,0.069,35284.76821,22067.8,17516.3
9/1/2017 18:00,26.280,43.35,4.963,28296.63717,15762.2,15544.4
1/7/2017 23:30,13.700,78.50,0.084,30914.43038,19809.1,20686.3
7/4/2017 23:30,24.290,84.10,4.918,38297.94020,25241.8,30631.6
5/18/2017 5:40,18.550,81.60,4.912,21642.49180,13957.9,10779.6
6/2/2017 23:30,20.240,85.40,0.067,41896.68874,23841.6,23955.7
3/18/2017 14:00,11.860,85.80,0.087,34988.93617,20034.1,17169.7
11/30/2017 11:10,15.730,72.10,0.072,31575.38462,26509.1,8321.93
6/21/2017 8:20,21.070,77.00,0.078,27757.35099,15552.6,12914.2
4/1/2017 16:20,16.410,77.90,0.070,32774.33800,15048.9,17739.6
5/15/2017 3:50,14.840,71.60,0.073,25444.72131,15470,15169.6
10/14/2017 7:00,15.190,84.90,0.096,25132.25383,15897.5,8170.21
7/30/2017 23:10,23.370,62.76,4.908,44332.22591,29301.3,34433.5
4/13/2017 10:10,15.840,86.50,0.078,32997.54575,18220,18548.4
10/20/2017 6:20,17.080,89.80,4.920,25775.05470,17861.8,8794.65
7/21/2017 22:50,30.500,25.11,4.914,42948.03987,28819,37771.4
2/5/2017 0:50,8.220,50.45,0.089,26694.91525,16085.1,17442.1
5/4/2017 11:40,18.330,78.00,0.080,36284.85246,23060.1,16889.4
10/21/2017 19:00,21.160,78.00,4.917,44554.92341,27907.5,18768.1
8/15/2017 22:40,23.010,61.32,4.911,43938.37958,30670.3,33843.8
6/11/2017 3:20,20.320,59.75,0.080,34242.11921,18411.6,20623.8
7/20/2017 3:00,23.460,57.65,4.908,29986.44518,20157,25600.7
4/27/2017 2:10,13.370,76.30,0.084,24205.64047,13637.5,15650.9
1/10/2017 15:40,15.810,68.32,0.073,33587.84810,20819.5,16620.7
10/28/2017 5:20,13.060,87.30,4.909,24199.56236,19097.9,11181.5
12/7/2017 21:40,10.830,74.40,0.079,36136.88213,31758.2,15419.9
6/9/2017 2:10,20.070,73.10,0.083,40777.74834,24848.2,24729.6
4/9/2017 14:20,15.780,82.10,0.074,31100.27987,15510.8,18856.7
10/22/2017 17:50,21.030,76.50,4.917,40609.89059,23915.4,18079.5
3/6/2017 6:10,11.490,78.80,0.085,23720.17021,13503.7,13349
8/2/2017 1:10,26.170,84.70,4.909,31932.51942,22493.3,25610
6/14/2017 11:10,22.120,50.88,0.081,32029.66887,20881.5,17285.9
7/8/2017 9:50,30.280,27.11,4.916,34878.93688,22105.1,22997.8
11/3/2017 13:50,22.840,50.13,0.084,30523.07692,26152.1,11207.7
5/14/2017 20:00,23.020,41.59,4.918,43272.39344,24453.3,25803.4
4/3/2017 7:00,14.120,89.70,0.079,24317.24435,13784.1,11636.4
5/18/2017 7:00,18.860,78.80,4.916,25192.91803,16283.6,11782.3
4/6/2017 5:20,15.070,71.80,0.072,24180.83961,13696.1,15936
8/20/2017 5:00,24.160,93.00,4.920,27329.63374,17981,20132.9
11/29/2017 19:00,15.610,73.00,0.072,40806.15385,34895.5,17511.3
3/28/2017 16:10,26.370,36.14,0.082,31324.59574,18347.6,16850.3
4/6/2017 12:00,14.580,72.40,0.072,36320.86114,20368.2,19147.6
5/3/2017 20:40,21.280,62.12,0.082,45009.83607,26975.9,26089.1
12/21/2017 11:10,16.180,65.95,0.079,30752.85171,24324,8729.89
6/20/2017 12:20,24.890,62.94,0.069,35882.38411,21237,20588.3
4/10/2017 9:30,15.160,84.30,0.071,31912.50807,18876.2,15901.1
4/20/2017 11:40,15.890,86.30,0.071,36544.06889,21776,18885.8
6/28/2017 10:20,27.910,46.90,4.925,31056.95364,19665.3,19111.4
1/30/2017 14:40,18.220,63.25,4.917,34493.16456,20728.3,16690.1
4/30/2017 9:00,16.230,75.00,4.920,25011.66846,15316.5,15057.5
8/29/2017 22:00,24.820,89.10,4.913,44430.63263,26815.6,24809.5
1/12/2017 11:50,17.040,74.10,0.076,35702.27848,22220.1,15215.4
11/22/2017 11:20,13.650,65.83,4.921,33113.84615,22593,10213
6/18/2017 22:40,21.040,81.60,0.069,44439.73510,26584.6,27949.3
9/4/2017 23:20,20.840,77.20,0.278,36420.53097,20806.7,19821.7
5/27/2017 0:10,17.700,88.20,4.918,37140.98361,22751.7,21739.9
4/6/2017 6:30,15.130,66.39,0.075,23672.42196,13967.4,12765.1
10/5/2017 18:10,25.520,55.72,4.922,42109.75930,28747.7,19375.1
7/28/2017 17:10,34.810,25.68,4.909,39254.75083,28568.4,27510.6
10/25/2017 23:30,20.720,68.30,0.082,27892.51641,22332,13486.7
4/14/2017 22:30,15.720,83.60,0.077,38081.72228,21006.1,25163.6
5/12/2017 1:00,18.780,87.80,0.070,26880.00000,16614.2,16259.8
12/1/2017 16:00,18.400,62.40,0.082,26390.87452,20579.3,8879.71
1/2/2017 5:20,9.740,82.80,0.081,20712.91139,13736.2,13931.6
10/30/2017 19:00,20.540,78.40,0.068,41069.93435,33483,17490.1
1/16/2017 14:30,13.110,48.93,0.082,33545.31646,21253.5,16672.8
9/6/2017 11:30,25.400,68.89,0.264,33820.88496,20990,15744.4
2/10/2017 13:30,11.810,86.30,4.916,31606.77966,20954.4,16857.4
12/15/2017 10:30,15.810,64.56,0.083,31422.05323,23871.1,8752.94
12/29/2017 0:50,12.990,52.77,0.077,24991.63498,20837.1,11109.7
12/14/2017 22:20,13.480,70.20,0.082,34445.62738,29788.3,14163.7
2/21/2017 5:50,7.260,89.20,0.085,23113.22034,14538.6,14287.1
6/20/2017 18:20,24.900,65.78,0.067,39862.25166,22823.7,22023.9
10/9/2017 9:00,16.860,77.50,0.085,27564.81400,19400.4,11677.6
5/12/2017 17:20,21.410,70.60,0.068,32872.91803,20296,16277.2
3/19/2017 12:50,12.560,77.30,0.083,32905.53191,17875.6,16757.4
7/21/2017 20:00,35.080,19.04,4.911,47502.45847,31735.4,43314.5
8/26/2017 11:10,27.060,64.92,4.924,38408.52386,24428.3,21529.3
7/25/2017 17:30,29.110,48.56,4.911,39650.23256,27296.2,33174.2
4/25/2017 14:10,20.250,62.80,0.082,34603.40151,20962.1,18368
2/27/2017 20:30,15.460,57.01,0.081,43736.94915,25995.1,25477.1
3/1/2017 12:10,18.980,59.95,0.086,34131.06383,19884.1,17645.8
9/16/2017 4:30,18.660,88.20,0.301,27066.90265,15904.4,13608.7
2/20/2017 20:00,11.620,79.40,0.075,43389.15254,26370.8,25390.3
12/12/2017 4:00,16.510,66.92,0.081,20848.66920,16396.4,8764.47
2/11/2017 2:40,12.210,77.80,4.915,23155.93220,13535.6,14709.7
1/28/2017 8:30,11.830,49.65,0.083,24473.92405,14928.9,11340.7
5/11/2017 1:40,18.810,84.10,4.916,25885.37705,15949.2,15507.7
4/27/2017 11:30,20.970,43.12,0.085,36258.85899,21292.1,18036.4
6/26/2017 2:00,21.260,88.80,4.913,38031.25828,22120.2,28002.5
9/12/2017 7:10,20.320,69.72,0.277,26971.32743,16117.7,10308
9/6/2017 14:30,26.170,66.06,0.322,33164.60177,22079,16656.3
5/20/2017 6:00,18.610,85.40,0.068,22209.04918,12445.8,10948.7
1/14/2017 4:50,17.410,48.30,0.084,22146.83544,13010.3,13908.4
9/9/2017 0:50,21.470,87.10,0.360,31335.92920,19268.6,17115.3
12/13/2017 4:10,14.180,49.97,0.082,20653.99240,15693.2,9288.84
7/21/2017 23:00,30.130,26.31,4.903,42048.63787,28462,37186.9
2/8/2017 9:20,5.801,90.20,4.922,27433.22034,17401.8,12845.7
7/4/2017 17:10,26.540,70.90,4.919,35701.79402,23111.4,25046.4
12/20/2017 14:00,17.950,56.88,0.075,32413.68821,25793.2,9726.77
1/17/2017 3:00,10.150,74.10,0.086,22420.25316,13535.6,14324.8
11/27/2017 5:00,9.820,87.50,0.081,22363.07692,17140.9,9605.78
2/12/2017 13:20,12.850,85.70,0.073,33663.05085,18952,18235.2
1/23/2017 9:50,9.920,80.90,0.090,30555.94937,19116.1,14301.7
3/20/2017 21:10,13.840,72.10,0.084,43077.44681,26180.5,25223.2
7/9/2017 3:50,23.080,78.60,4.914,28296.07973,17312.7,21883.2
6/11/2017 18:50,23.710,47.57,0.080,39010.33113,24137.2,23873
9/2/2017 12:40,26.850,36.01,4.926,31061.94690,17614.6,15920.9
3/2/2017 16:30,21.290,58.91,0.082,32360.17021,20546.3,15851.6
8/8/2017 0:00,26.220,85.70,4.907,39731.85350,28400.8,31063.1
6/26/2017 7:00,20.330,89.10,4.916,25214.30464,14037,17528.1
12/9/2017 0:20,8.800,81.60,0.085,26257.03422,22044.8,11576.5
1/30/2017 15:30,17.510,75.50,4.915,33691.13924,20498.5,16348.9
9/3/2017 15:50,26.720,41.28,4.930,30998.23009,17498.5,15756.2
12/12/2017 15:30,21.010,26.64,0.088,30594.67681,26308.7,9415.61
8/23/2017 19:20,25.280,55.75,4.902,49455.44950,32194.7,35342.4
11/10/2017 17:30,20.140,68.58,0.071,36676.92308,30585.1,17066
6/13/2017 0:50,18.950,58.36,0.082,39442.64901,22958.4,24286.5
1/7/2017 10:20,10.080,79.70,0.092,31837.97468,20057.1,15290.6
4/13/2017 13:50,17.390,78.30,0.075,35111.81916,18887.2,21009.5
12/24/2017 21:50,11.550,81.80,0.081,35510.26616,29394.3,15103
3/13/2017 15:30,17.780,61.82,0.074,33873.70213,21032.9,16629.7
4/27/2017 0:30,14.510,71.20,0.081,26970.93649,15118.5,17728
8/11/2017 22:50,28.920,28.61,4.908,42813.22974,30544.9,33127.5
3/14/2017 15:50,16.650,68.16,0.073,32660.42553,20246.3,16676.1
8/26/2017 7:40,22.220,84.90,4.915,26997.20311,16874.8,15004.9
8/30/2017 13:40,28.090,70.30,4.928,37276.98113,21999.2,17502.7
12/28/2017 8:10,12.500,74.20,0.085,23568.06084,19331.1,7145.26
11/5/2017 19:10,19.750,74.30,0.070,36596.92308,29789.3,17251.1
10/9/2017 8:30,16.510,78.40,0.087,30602.36324,18534,11105.7
5/30/2017 3:40,17.970,86.30,4.922,29838.68852,18297.2,17262.5
12/11/2017 22:40,16.580,58.04,0.084,33265.39924,27538.5,13385.8
4/7/2017 13:40,13.670,86.80,0.070,33078.14855,19554.4,18222.5
5/11/2017 8:10,18.950,85.00,4.910,28655.21311,18902.8,12866.7
12/5/2017 11:30,12.880,76.80,0.082,31732.31939,24920.5,9225.45
1/27/2017 16:00,18.260,40.73,0.088,34839.49367,21198.8,16268
4/7/2017 4:50,13.690,84.70,4.923,24478.44995,13615.5,16145.5
6/30/2017 12:40,27.470,55.00,4.923,33778.01325,22243.7,22313.4
11/4/2017 7:50,13.590,86.90,0.079,21956.92308,17278.5,8304.58
1/13/2017 22:40,13.150,86.40,0.085,36218.73418,22603,22733.5
11/16/2017 7:40,12.030,83.30,0.078,21661.53846,15002.5,10641
5/17/2017 11:50,21.220,67.43,4.927,36687.73770,23231,18125.3
10/3/2017 7:00,18.530,64.32,4.923,26953.52298,16289.6,8853.01
7/23/2017 20:10,28.020,43.18,4.906,47700.19934,31158.2,47279
4/8/2017 16:40,14.260,89.50,0.070,31106.48009,16170.7,18496
2/20/2017 13:00,12.140,83.20,0.077,37781.69492,23226.7,17743.1
8/10/2017 9:10,27.030,59.42,4.903,33498.77913,26838.4,23744.2
1/23/2017 2:00,9.290,81.20,0.090,23562.53165,14115.5,14932
8/31/2017 9:20,23.760,63.42,4.919,28768.03552,17319.5,14475.2
6/6/2017 8:20,20.750,89.00,0.066,25316.02649,15997.9,12181.7
9/29/2017 20:20,21.170,73.20,4.923,45939.82301,27916.8,20104.1
6/16/2017 0:00,18.110,74.30,0.074,41604.23841,25469.4,25474
5/31/2017 7:50,18.120,88.60,4.918,24047.21311,15209.9,10948.7
5/22/2017 17:40,18.800,81.00,0.069,35227.27869,21845.2,17361.6
5/22/2017 6:20,17.750,79.10,0.067,21302.55738,13211.1,10703.8
11/8/2017 21:40,20.110,80.00,0.067,35144.61538,29644.2,18407.7
2/23/2017 9:10,15.540,57.61,0.080,29843.38983,16150.8,13974.5
12/16/2017 11:00,14.150,72.30,0.086,30454.75285,23919,9357.98
11/11/2017 14:50,20.740,61.67,0.073,30252.30769,24642.1,11745.5
2/2/2017 13:30,13.560,51.32,4.922,35865.76271,21089.4,17170
8/25/2017 4:50,19.580,80.70,4.909,28301.35405,17631.3,16942.9
7/6/2017 16:20,30.230,51.70,4.920,40211.56146,21565.8,25052.4
6/8/2017 6:40,20.410,86.40,0.076,22734.83444,14736.8,11100.6
3/19/2017 13:20,12.960,75.70,0.078,33040.34043,17992.7,16751.6
11/1/2017 9:40,17.510,49.23,0.084,29827.69231,21733.9,9871.81
1/14/2017 17:10,18.080,62.12,0.091,32718.98734,19641.3,18066.5
10/21/2017 12:10,23.040,64.33,4.919,36192.21007,23448.5,12634.7
1/18/2017 7:30,13.240,47.35,0.083,25081.51899,16183.6,12219.8
10/31/2017 10:20,20.040,74.30,0.070,31087.61488,24173,9926.81
4/16/2017 21:00,16.470,80.00,0.074,43128.69752,21995.9,28375.3
8/7/2017 0:30,26.800,77.30,4.906,33498.77913,26682.6,28788
10/2/2017 7:00,19.080,59.46,4.922,26008.22757,15946.1,8893.86
3/16/2017 1:30,10.630,78.40,0.070,24694.46809,14685.4,15218.7
5/4/2017 11:20,18.180,79.60,0.082,35831.60656,23242.1,16761.1
6/28/2017 4:30,21.600,72.40,4.919,25277.88079,15163.4,18284.3
10/16/2017 17:50,20.560,87.20,0.071,42317.72429,27436.9,18190.4
3/7/2017 22:20,11.230,83.00,0.074,36876.25532,25609.8,23278.1
8/14/2017 18:50,25.720,40.22,4.909,39003.06326,26853.6,30545.5
6/30/2017 21:20,23.880,58.87,4.920,43918.41060,27707.3,32805.4
3/8/2017 5:40,10.790,83.50,0.072,24326.80851,14367.1,14347.7
2/22/2017 9:20,14.430,63.27,0.081,30081.35593,17026.1,12955.7
1/22/2017 16:00,13.800,57.26,0.086,33332.65823,14804.9,16811.6
9/6/2017 11:20,25.250,70.20,0.246,33062.65487,20836.6,15426.7
3/3/2017 23:30,15.930,85.30,4.909,31943.48936,19017.1,19869.7
10/20/2017 4:20,17.460,89.70,4.937,25434.74836,16599.6,11064.8
1/12/2017 1:00,10.400,72.90,0.085,25616.20253,16066.9,15967.2
8/24/2017 3:40,20.680,77.40,4.913,28998.17980,18669.1,19236.1
3/5/2017 20:30,13.750,58.44,0.077,41643.57447,24190.2,25292.9
3/21/2017 17:50,16.880,64.91,0.084,32366.29787,19917.1,15781.9
6/28/2017 9:50,26.520,57.67,4.922,29995.23179,18838.3,18579.7
2/3/2017 12:20,14.240,66.34,4.919,32973.55932,20571.4,16139.6
2/16/2017 4:20,14.410,63.85,0.080,22509.15254,13590.3,13777.7
12/9/2017 14:20,16.880,56.92,0.076,31677.56654,26080.4,10141.7
2/11/2017 4:10,12.190,77.10,4.914,22252.88136,13181.8,13951.4
4/18/2017 18:00,21.660,34.47,0.085,33171.15178,18494.9,18466.9
2/17/2017 0:10,13.140,56.38,0.081,28702.37288,17671.7,17442.1
7/8/2017 13:00,29.070,50.76,4.910,37360.26578,24998.7,27715.5
10/13/2017 22:30,19.660,69.26,0.090,37698.38074,23448.5,16328.8
2/28/2017 2:40,14.930,57.34,0.082,22905.76271,13608.5,14356.6
8/9/2017 19:40,29.910,65.59,4.904,48918.44617,35490.6,39916.7
11/14/2017 12:50,21.060,61.87,0.069,32067.69231,25482.6,18783.6
7/25/2017 22:10,24.330,69.76,4.910,48223.25581,32107.6,43585.6
1/7/2017 2:30,10.390,82.20,0.086,22487.08861,14327.1,14492.5
4/22/2017 17:30,19.200,70.30,0.075,31757.50269,18403.3,18874.2
10/16/2017 0:50,18.690,86.30,0.166,27867.30853,17432.4,12167.8
7/17/2017 20:40,30.910,35.15,4.924,49294.88372,31560.8,42223.9
11/19/2017 22:30,15.500,66.61,0.081,32067.69231,26059.1,14880
3/30/2017 10:50,21.680,55.63,4.918,34241.36170,20301.2,16832.9
8/6/2017 21:10,28.280,76.40,4.905,43618.73474,34559.2,37828.2
3/20/2017 11:20,13.630,85.00,0.071,33996.25532,21051.2,15944.5
9/14/2017 4:20,21.900,70.10,0.277,27589.38053,16798.8,13314.5
8/3/2017 18:30,30.210,45.45,4.904,38811.27636,28803.8,28264.3
4/19/2017 0:50,12.510,71.90,0.084,26363.31539,14784.9,17233.5
10/6/2017 5:20,19.710,70.90,4.916,26474.57330,18067.2,11239.9
3/30/2017 3:10,15.020,77.40,4.911,23616.00000,11890.2,14835.5
8/27/2017 1:20,23.080,88.30,4.920,32066.77026,20109.8,21679.7
7/11/2017 1:50,24.940,38.98,4.915,30860.33223,20783.5,25269.3
3/10/2017 2:00,11.630,90.70,0.079,24032.68085,13993.9,14911
12/27/2017 4:40,14.560,61.05,0.083,20489.73384,16878.8,9346.46
12/4/2017 17:00,16.290,63.75,0.087,32669.20152,28138.7,12873
5/17/2017 10:20,20.530,74.00,4.924,33867.54098,20344.3,16778.6
2/4/2017 14:50,12.100,49.81,0.084,33547.11864,19181.8,17575.2
8/30/2017 0:20,24.390,91.00,4.916,33492.38624,20467.2,19555.1
3/3/2017 14:20,23.540,35.38,4.917,33169.02128,22884.1,16188.4
9/5/2017 21:10,23.100,78.30,0.272,44786.54867,25686.5,22422.2
12/30/2017 13:10,14.470,38.52,0.079,30661.59696,26618,10199.3
2/19/2017 11:00,13.900,70.40,0.076,30313.22034,17719.1,16226.4
8/19/2017 18:50,25.870,82.50,4.923,40025.92675,27218.6,32838.6
7/10/2017 11:20,32.210,24.35,4.916,39631.09635,26908.9,27347.9
2/12/2017 18:50,12.760,85.30,0.068,42602.03390,24849.8,25980.8
4/30/2017 23:30,20.610,55.71,0.079,31658.29925,19818.3,21550.5
7/28/2017 11:30,33.110,33.08,4.906,41793.48837,31112.7,32360.8
3/7/2017 7:10,7.210,87.90,0.087,23180.93617,14590.2,10614.2
3/10/2017 6:10,12.110,90.10,0.082,23040.00000,13741.5,13854.2
8/17/2017 3:30,20.410,75.80,0.068,29202.75250,19733.5,20151
10/13/2017 18:30,23.940,54.58,0.087,45298.55580,29169.7,19859.5
9/8/2017 0:20,20.780,82.00,0.271,32278.93805,19747.6,17556.5
2/1/2017 7:00,10.160,60.38,4.922,22228.47458,13681.5,12984.6
7/25/2017 16:20,28.790,50.63,4.907,40364.65116,28055.7,32788.6
12/14/2017 1:10,12.960,57.98,0.090,23872.24335,19216.9,9749.82
3/13/2017 3:00,9.850,85.30,0.089,23138.04255,13232.9,14580
7/27/2017 4:40,23.950,47.52,4.910,29686.64452,19898.7,24437.8
5/31/2017 20:30,21.280,78.10,0.071,45097.96721,27024.1,27220.1
2/16/2017 5:20,14.110,66.32,0.080,22978.98305,14071.7,13910.8
5/27/2017 0:30,17.610,89.20,4.923,35894.55738,22183.3,21075.3
2/20/2017 1:30,13.940,65.77,0.077,23997.96610,14637.1,14958.6
8/29/2017 9:50,24.680,92.40,4.917,34988.32408,21524,16702.2
10/28/2017 22:30,18.660,75.90,4.919,32871.07221,25663.1,15494.2
11/19/2017 3:10,12.080,86.50,4.919,21636.92308,15445,10629.4
10/25/2017 12:40,23.660,63.21,4.928,34459.16849,25566,12412.9
1/9/2017 12:30,16.920,58.58,0.077,34019.24051,21220.7,16464.6
10/17/2017 8:30,19.050,92.90,0.075,31144.33260,20442.3,10142.7
4/23/2017 11:20,21.070,57.53,0.085,31844.30571,16493.3,18496
6/23/2017 8:50,21.130,67.68,4.921,26473.11258,16675.3,13664.5
3/1/2017 10:10,14.250,77.10,0.087,31177.53191,18508.5,15886.5
5/14/2017 5:30,19.130,58.77,0.080,19011.14754,11126.9,10779.6
9/22/2017 14:10,31.370,18.47,4.921,34923.18584,20773,13608.7
5/26/2017 9:40,19.510,80.30,4.921,32167.86885,21380.8,15146.2
7/10/2017 7:00,20.180,69.47,4.912,26618.47176,17491.1,17249.9
4/18/2017 5:20,11.710,75.80,0.084,23374.81163,12387.4,14429.1
6/9/2017 1:20,20.600,70.80,0.079,37573.50993,23632,23536.2
3/23/2017 1:00,12.600,71.80,0.079,25883.23404,15563.4,15863.2
5/15/2017 21:20,18.790,84.80,4.922,44556.59016,26790.1,25920
4/14/2017 15:40,18.500,70.10,0.072,32377.52422,19349.1,17152
4/15/2017 21:00,16.940,69.92,0.088,42322.66954,21589,28369.5
11/5/2017 2:20,15.280,85.60,0.071,23169.23077,17289.7,10750.8
9/28/2017 19:40,21.180,77.30,4.922,47175.92920,32340.1,16885.8
9/20/2017 10:20,21.760,93.10,4.916,32693.09735,22408.3,12743.8
10/8/2017 1:40,15.590,66.66,4.917,27974.44201,15792.9,13848.5
3/8/2017 23:30,11.360,86.10,0.082,32562.38298,19880.5,19637.4
4/21/2017 23:30,13.840,85.20,0.082,30188.84822,17380.4,21015.3
7/19/2017 0:40,25.080,50.95,4.916,34859.80066,23851.9,31571.5
12/23/2017 8:50,8.670,86.90,0.084,24292.01521,18377.4,7571.67
7/5/2017 3:40,24.070,85.90,4.918,28040.93023,18319,20654.1
12/5/2017 4:00,9.410,85.70,0.082,21189.35361,16801.5,9536.61
7/7/2017 1:50,23.010,83.30,0.060,29858.87043,19219,23208.7
3/13/2017 9:20,9.900,86.10,0.084,29706.89362,17593.9,13987.7
9/15/2017 21:30,23.630,55.49,0.315,42989.73451,25750.1,20027.6
1/18/2017 13:40,14.060,50.38,0.080,37907.84810,23985.4,19194.2
5/17/2017 11:20,21.000,68.30,4.925,37556.45902,22053.3,17589
6/16/2017 15:00,24.880,50.38,0.068,36543.57616,23111.9,18798.3
12/29/2017 14:30,14.300,44.09,0.080,31123.95437,25796.9,9732.53
9/8/2017 14:50,26.040,67.16,0.259,36044.60177,22352.2,16091.5
4/12/2017 6:00,15.130,87.80,0.069,21272.93864,12204.1,11403.6
5/29/2017 14:00,26.850,52.44,0.067,35705.70492,20035.9,19786.9
11/23/2017 4:40,5.888,85.60,4.914,21507.69231,16966.1,9761.93
6/17/2017 19:30,22.790,71.10,0.067,46258.01325,28811.2,29745.2
4/6/2017 15:40,14.320,80.10,0.073,33245.55436,19525.1,18251.6
3/24/2017 2:10,9.270,68.45,0.082,23211.57447,13646.3,14475.5
12/11/2017 15:00,16.690,65.61,0.074,31434.22053,26629,11830
4/1/2017 12:20,16.460,81.10,0.073,36593.67061,16933.2,19141.8
2/6/2017 11:30,11.070,52.62,0.084,33705.76271,19969.6,16087.5
10/29/2017 1:00,16.520,81.90,4.914,24829.75930,18840.2,11595.9
8/5/2017 6:40,24.110,89.30,4.911,26095.80466,17349.9,15654.9
12/30/2017 18:00,11.660,55.54,0.077,37998.47909,33094.8,16768.3
6/22/2017 4:50,17.630,62.94,4.919,26180.66225,16716.4,16098.5
9/24/2017 3:20,21.600,84.10,4.920,26346.90265,14418.7,12708.5
5/27/2017 21:40,19.560,84.20,0.071,43108.72131,25084.8,25634.3
7/17/2017 11:00,31.890,40.39,4.929,39867.10963,26829.1,28878.3
6/30/2017 22:20,22.460,65.24,4.924,42843.97351,26779.2,32267.8
7/29/2017 14:20,34.030,33.18,4.906,41723.32226,27763.3,28125.2
3/26/2017 15:10,19.990,55.21,0.082,30662.80851,15570.7,16211.6
5/23/2017 21:50,17.510,70.80,4.925,44770.62295,27388.2,25797.6
10/20/2017 22:30,19.740,81.00,4.916,36746.78337,23060.2,16550.5
8/15/2017 4:30,21.040,52.16,4.903,28716.89234,19311.5,18664.3
8/20/2017 13:20,27.480,74.00,4.927,37673.34073,24253.4,26934.2
5/13/2017 12:00,28.650,34.87,0.085,36284.85246,21978.9,18585.9
3/2/2017 4:40,12.870,85.90,0.090,22335.31915,13778,13790.3
1/22/2017 11:50,13.570,60.13,0.087,35210.12658,14575.1,16603.4
1/26/2017 1:30,8.090,77.20,0.083,24777.72152,15370.2,15614.5
1/22/2017 1:50,13.210,64.47,0.081,23684.05063,14819.5,15562.4
6/30/2017 19:00,27.730,44.70,4.918,33421.98675,21802.1,24369.2
7/31/2017 22:50,25.110,70.70,4.905,45021.12957,30843,35138.4
4/5/2017 2:50,16.190,85.90,0.068,23622.82024,12614.7,15546.2
8/5/2017 14:30,29.330,60.79,4.905,40332.78579,28032.1,27626.3
1/26/2017 6:20,6.475,82.40,0.091,25014.68354,15465,14521.4
7/7/2017 17:00,35.220,32.88,0.069,34706.71096,24049.4,24136.6
2/6/2017 3:30,10.230,49.98,0.093,21850.16949,12992.1,14032.4
11/17/2017 19:40,16.510,80.00,0.071,37212.30769,31012.8,21744.6
3/3/2017 0:40,13.920,85.40,4.914,26894.29787,16434.1,16542.6
1/31/2017 21:20,12.460,69.96,4.923,41820.75949,25243.8,25607.7
7/14/2017 7:00,23.920,81.90,4.914,24889.83389,17981,18195.8
6/6/2017 14:00,22.600,78.90,0.069,35780.66225,22606.7,18302
11/17/2017 10:30,13.620,73.20,0.086,30276.92308,23150.8,16198.6
9/12/2017 14:30,26.680,38.28,0.272,37669.38053,23923.9,14891.3
8/6/2017 8:20,26.040,86.10,4.912,27476.67037,19505.4,21017.7
1/21/2017 22:40,12.790,67.21,0.082,38120.50633,24339.2,24115.7
5/6/2017 1:50,15.850,77.20,4.915,25495.08197,15239.6,15140.4
5/21/2017 15:30,20.760,61.53,0.072,31979.01639,18323.2,17676.4
4/25/2017 15:10,20.930,60.19,0.082,33512.16362,19913.6,17757.1
6/16/2017 11:40,23.310,58.28,0.072,34038.67550,22928.5,16382
2/19/2017 14:30,13.830,69.72,0.074,33455.59322,20746.5,19508.7
4/24/2017 6:50,14.400,81.00,0.085,23765.42519,13802.4,11723.6
7/22/2017 10:30,30.810,52.45,4.910,36384.31894,25439.2,29095.2
1/13/2017 1:20,14.940,85.20,0.083,24631.89873,15078.4,15475.7
10/10/2017 12:40,23.590,65.70,0.078,35164.98906,24834,13580.1
9/1/2017 19:40,23.690,54.98,4.919,40562.12389,22988.4,22075.1
12/1/2017 5:40,16.430,76.50,0.079,22180.98859,17103.4,9790.16
2/20/2017 17:40,14.370,69.69,0.074,39087.45763,23704.6,19149.8
11/11/2017 3:30,19.230,69.48,0.074,21698.46154,16720.7,10473.3
6/6/2017 10:30,22.760,77.00,0.066,27922.64901,21779.6,15135.5
11/7/2017 12:20,20.590,72.60,0.068,32166.15385,23526.4,11878.6
4/8/2017 0:20,13.990,86.80,0.070,28018.77287,14480.7,19345.5
12/30/2017 6:10,11.390,49.03,0.079,22217.49049,18933.4,10003.4
2/18/2017 18:40,13.620,74.80,0.071,42632.54237,24973.9,25095.1
3/21/2017 8:50,12.430,84.90,0.077,27402.89362,17151.2,11996.1
4/14/2017 10:20,18.220,76.80,0.087,33474.96233,19932,17256.7
8/8/2017 5:50,25.630,91.80,4.906,25840.08879,17426,16389.2
11/19/2017 9:00,9.930,84.40,4.932,22633.84615,15162.4,9039.04
3/17/2017 3:50,10.480,86.00,0.084,22010.55319,13273.2,13656.8
2/22/2017 22:50,12.560,67.49,0.084,34694.23729,21465,23972
5/17/2017 20:20,19.370,78.80,4.924,46344.39344,27659.4,26456.4
10/27/2017 18:20,20.560,56.27,4.920,40496.45514,32833.2,17898.6
8/21/2017 18:00,28.120,48.52,4.926,37730.87680,24238.2,25808.7
5/13/2017 22:00,26.110,31.22,0.083,41660.85246,24516.4,25873.4
2/21/2017 21:40,14.430,65.22,0.081,40795.93220,25112.5,23653.6
5/12/2017 0:50,18.760,87.70,0.071,27459.14754,17130.7,16510.4
10/22/2017 5:50,16.930,89.90,4.907,25510.37199,14571.8,10557.1
12/7/2017 19:30,13.050,65.77,0.083,39209.12548,34251,16203.6
9/15/2017 13:50,28.710,32.98,0.313,36057.34513,23557.2,14503
9/4/2017 16:00,25.830,49.22,0.337,32100.53097,18984.2,16232.7
7/30/2017 8:50,24.610,68.40,4.904,30094.88372,20267.1,23262.9
2/21/2017 11:10,13.280,64.51,0.082,34608.81356,21173.3,15954.3
10/31/2017 16:30,17.090,77.00,0.079,31774.52954,26070.1,11485
12/24/2017 9:20,8.080,94.30,0.079,21961.97719,16403.8,7923.17
11/25/2017 23:30,14.520,68.89,4.917,29409.23077,23991.3,13093
6/25/2017 6:10,20.030,81.60,4.919,22582.25166,11645.7,13522.7
6/14/2017 11:30,22.230,51.79,0.078,33034.17219,20971.3,17522.2
7/15/2017 9:10,27.070,72.30,4.914,32958.93688,22439.2,24214.9
11/28/2017 13:30,19.550,55.79,4.920,32683.07692,26613.2,10652.5
7/22/2017 22:50,27.310,32.48,4.911,42909.76744,28302.5,39645.2
7/19/2017 4:10,22.540,51.72,4.916,29603.72093,19538,24257.1
2/20/2017 4:50,13.460,72.40,0.077,21746.44068,13342.2,13847.2
4/19/2017 13:30,19.460,61.54,0.074,35936.44779,21677,19368.7
6/8/2017 10:20,21.750,81.10,0.084,30859.86755,19594.2,14580.2
7/7/2017 2:10,23.820,82.80,0.066,28946.71096,19105.1,22654.4
1/19/2017 7:40,10.750,78.70,0.082,23708.35443,15906.4,11820.7
9/27/2017 18:20,22.590,78.20,4.926,45799.64602,27621.2,20192.4
2/28/2017 20:10,13.740,71.70,0.080,43468.47458,25506.4,25645
7/2/2017 2:50,21.390,80.20,4.922,28410.89701,17946.8,22208.5
5/7/2017 13:00,24.900,42.88,0.083,31462.81967,18653.9,18247.8
3/7/2017 1:00,9.050,85.20,0.076,25907.74468,15475.6,15973.5
5/8/2017 8:30,15.870,79.00,0.089,29561.70492,19382,13344.8
2/6/2017 15:10,12.020,48.58,0.091,32930.84746,20436.5,16272.7
6/8/2017 5:00,20.370,86.70,0.069,23370.59603,15099.8,13044.2
11/24/2017 4:50,8.460,70.80,4.917,21913.84615,17207.9,9652.05
2/28/2017 6:50,12.840,67.56,0.085,21709.83051,13750.8,11288.4
8/5/2017 11:50,28.910,64.99,4.904,41317.29190,28632.7,27223.1
1/1/2017 17:10,15.350,59.30,0.077,30871.89873,18649.2,19408.2
5/24/2017 2:20,16.910,75.70,4.921,26162.36066,16621.7,15356.1
8/23/2017 22:40,22.580,70.10,4.912,43542.01998,29016.7,30455.2
2/24/2017 11:20,13.410,56.44,0.083,33858.30508,21224.3,15120.7
7/12/2017 18:00,29.440,51.19,4.907,37194.41860,25260.8,28607.2
7/9/2017 12:30,31.010,33.12,4.912,35682.65781,20643,27637.2
12/3/2017 13:00,16.400,60.31,0.081,28094.29658,21938,10032.2
2/15/2017 9:30,15.860,63.18,0.079,26042.03390,20064.4,13922.4
9/8/2017 4:20,19.840,89.10,0.273,27430.08850,17116.8,14085.2
4/8/2017 0:40,13.880,87.70,0.069,26884.13348,13721.8,18664.7
4/12/2017 10:20,16.320,86.20,0.071,34063.98278,20269.2,17035.6
8/5/2017 20:30,26.410,84.50,4.907,50606.17092,35023,40163.5
10/13/2017 3:50,19.020,61.25,0.095,26606.91466,15994.6,11520
12/4/2017 8:40,12.430,80.20,4.926,25161.97719,19754.5,7283.55
7/26/2017 4:30,22.780,58.26,4.908,30037.47508,20081,25088.5
4/27/2017 1:40,13.340,76.80,0.085,24813.26157,13813.4,15936
11/7/2017 18:00,21.190,67.34,0.070,39846.15385,32969,17025.5
4/18/2017 2:30,12.260,73.00,0.089,24453.64909,13234.2,15581.1
4/16/2017 19:50,18.450,67.47,0.074,42235.86652,21647.7,28346.2
7/9/2017 23:50,24.120,57.60,4.918,35382.85714,26194.9,31704.1
10/13/2017 17:10,24.490,52.95,0.095,33910.89716,22653.1,12856.4
10/26/2017 0:40,20.610,66.73,0.082,24987.30853,19736.5,12366.2
4/26/2017 10:50,19.070,51.82,0.082,34361.59311,21237.1,17309.1
9/18/2017 11:50,21.590,91.00,4.916,36337.69912,23018.3,13785.2
9/8/2017 23:00,22.700,84.30,0.330,38707.96460,23605.8,20751.3
12/1/2017 11:00,17.760,67.22,0.083,27437.26236,20958.6,8781.75
7/8/2017 2:10,25.810,43.25,4.912,29138.07309,19234.2,22811
7/26/2017 6:40,21.770,60.26,4.905,27358.40532,17719,20310.6
2/4/2017 23:10,8.830,51.07,0.092,33974.23729,20721,22426.4
12/27/2017 3:20,14.770,59.91,0.082,20733.07985,17026.1,9559.66
2/24/2017 4:10,14.170,76.80,0.083,22295.59322,13531.9,13934
10/11/2017 1:10,20.910,65.99,0.198,27879.91247,16487.6,13124.9
9/5/2017 18:10,23.860,72.90,0.301,34094.86726,19343.5,16968.2
5/17/2017 17:20,20.610,72.20,4.920,32910.68852,20745.5,17396.6
10/14/2017 10:50,22.760,59.80,0.095,36734.17943,23597.9,12296.2
6/12/2017 6:30,17.810,70.40,0.077,22569.53642,14231.6,10817
10/28/2017 0:30,15.160,82.90,4.920,25957.81182,20188.4,12436.2
4/15/2017 7:20,16.430,73.80,0.090,23040.00000,13798.8,11857.5
11/26/2017 5:40,12.290,71.80,4.918,22756.92308,16988.4,9958.55
7/14/2017 15:50,27.830,66.40,4.913,40683.58804,23202.5,27992.6
3/25/2017 1:00,11.170,62.75,0.086,25969.02128,14919.5,15607.7
1/16/2017 3:40,17.170,50.03,0.082,18902.27848,13316.7,14139.8
4/23/2017 8:30,14.700,87.70,0.088,23126.80301,12182.1,13300.4
9/15/2017 22:10,23.520,55.49,0.330,39886.72566,23965.1,19386.3
5/28/2017 7:40,19.490,77.70,0.077,20899.67213,11795.7,10738.8
11/16/2017 22:00,14.730,78.50,0.084,34406.15385,29116.1,18031.8
1/1/2017 18:20,14.090,64.87,0.078,39596.96203,24000,25798.6
7/7/2017 22:20,30.620,35.51,4.918,44778.73754,28048.1,33668.3
9/11/2017 20:30,23.240,57.65,0.273,45952.56637,27647.4,21504.4
8/18/2017 21:50,24.260,78.60,0.066,47352.18646,31867.8,36269.3
8/30/2017 8:30,24.130,93.30,4.922,27598.13541,18726.1,13704.8
1/27/2017 5:20,7.230,87.40,0.083,22784.81013,14279.6,14330.6
1/9/2017 21:30,15.040,76.90,0.075,40502.27848,25258.4,24248.7
12/9/2017 19:50,11.480,73.90,0.078,38491.25475,32763.4,15909.7
12/3/2017 15:00,15.310,69.59,0.085,27273.00380,22206.8,9749.82
5/8/2017 1:10,17.070,72.00,0.077,26225.31148,15763.5,16079
8/12/2017 0:20,26.520,40.05,4.906,35269.61154,25222.8,28806
11/21/2017 9:10,10.780,67.90,4.922,26658.46154,21369.4,8692.05
7/10/2017 14:30,35.970,21.31,4.921,39937.27575,27638,28251.7
10/14/2017 3:00,16.750,78.50,0.082,26430.45952,15949.8,11870.2
5/7/2017 1:40,17.880,72.80,0.080,25218.09836,15009.3,15665.1
11/14/2017 13:10,20.960,61.51,0.069,32024.61538,25073.6,18997.6
10/5/2017 8:50,23.800,67.69,4.921,31642.18818,20278,11134.8
10/8/2017 14:20,22.580,59.03,4.921,33955.01094,19247.3,13819.3
11/26/2017 10:50,17.030,55.76,4.925,28418.46154,20458.3,9432.29
7/24/2017 12:00,30.770,42.69,4.908,42335.68106,34222.8,29342.3
2/25/2017 19:00,14.380,47.06,0.088,42583.72881,24397.6,25176.1
8/15/2017 11:30,27.660,44.78,4.905,41400.39956,28073.9,25423.4
8/14/2017 15:20,28.260,37.55,4.909,38753.74029,26659.8,26127.6
12/18/2017 21:30,13.630,84.00,0.085,36653.99240,32012.3,15137.6
12/26/2017 14:10,16.250,53.16,0.083,32985.55133,26960.4,10931.1
4/4/2017 15:40,19.000,70.20,0.073,32538.72982,19451.7,15325.1
12/8/2017 11:20,14.510,54.89,0.084,30825.85551,25734.3,9611.52
12/8/2017 2:00,9.600,73.40,0.083,22430.41825,17939.2,9893.88
10/6/2017 9:40,21.090,65.52,4.923,33709.23414,21383.4,11747.6
8/26/2017 0:00,23.800,84.30,4.919,36477.86903,23660.4,25200.8
5/12/2017 16:50,21.080,72.00,0.071,33011.40984,20845.8,16265.6
2/20/2017 16:20,14.440,72.20,0.075,37110.50847,23299.7,17332.1
12/14/2017 19:50,13.660,68.67,0.080,39519.39163,33680.3,15517.9
3/14/2017 4:10,14.540,81.20,0.074,22684.59574,13723.2,14934.2
4/29/2017 23:40,15.910,69.37,0.071,31782.30355,19558,21428.4
6/8/2017 8:20,20.300,87.70,0.065,25608.47682,16974.6,11904
2/13/2017 22:50,11.820,76.80,0.086,35908.47458,21931.9,21552.2
5/4/2017 3:00,18.490,81.90,0.078,24500.45902,14559.8,14306.7
6/26/2017 23:30,22.570,86.60,4.916,36524.50331,21835.8,28244.7
8/28/2017 19:40,25.100,85.30,4.922,48912.05327,29320.8,27301.3
7/28/2017 15:40,35.950,25.08,4.910,40415.68106,29441.8,32005.4
9/4/2017 18:20,24.300,59.49,0.317,32221.59292,19485.7,17397.7
6/4/2017 13:20,22.870,68.52,0.069,27388.60927,19811.2,17829.4
12/28/2017 7:30,12.880,73.80,0.081,22959.69582,18462.1,7289.32
11/27/2017 2:20,10.460,85.40,0.077,22560.00000,16899.2,10161
5/23/2017 16:00,20.390,57.56,4.923,35176.91803,22517.6,18276.9
6/9/2017 17:20,25.370,51.30,0.072,36390.99338,20889,18786.5
9/15/2017 18:30,25.940,47.95,0.351,40026.90265,24765.9,19515.8
1/27/2017 1:10,8.870,85.60,0.084,25646.58228,16037.7,15868.9
11/17/2017 0:40,13.040,77.30,0.091,25193.84615,20811.6,13335.9
10/8/2017 23:00,18.250,76.10,0.073,34875.09847,20860.6,16182.9
12/21/2017 11:40,16.500,64.72,0.088,31458.55513,24983.1,9334.93
10/6/2017 14:30,25.600,41.25,4.917,35820.39387,22944.4,13037.3
7/13/2017 5:20,21.950,80.60,4.913,24621.92691,16146.8,16870.3
1/27/2017 19:30,14.440,66.22,0.082,43923.03797,26735.6,25434.2
6/9/2017 18:20,24.570,59.27,0.074,38717.88079,22191.3,20665.1
6/20/2017 8:30,21.520,77.10,0.072,29550.19868,14358.8,13073.7
12/27/2017 22:30,15.330,64.82,0.076,33922.43346,29309.6,14803.4
12/19/2017 15:10,18.420,60.11,0.088,30904.94297,26352.9,9323.41
4/25/2017 3:30,16.850,71.30,0.084,23672.42196,13314.9,15243.6
10/29/2017 9:20,16.420,86.60,4.919,25806.56455,18332.4,9389.91
7/6/2017 10:40,28.590,61.61,4.920,39975.54817,21664.6,23208.7
1/28/2017 6:40,11.620,51.95,0.083,23562.53165,14407.3,14677.6
1/23/2017 15:50,14.380,57.33,0.084,34851.64557,21056.5,16574.5
7/12/2017 20:20,27.040,66.23,4.909,49862.59136,31557,41018.9
12/30/2017 16:40,14.260,42.42,0.079,29128.51711,25292.4,10781.3
8/18/2017 16:20,27.770,54.75,0.064,38561.95339,26903.1,26181.8
12/27/2017 16:20,15.890,56.28,0.082,32304.18251,27034.1,10147.4
9/5/2017 21:40,23.040,79.00,0.264,43862.65487,25581.7,21945.7
10/13/2017 19:10,23.400,56.09,0.089,45128.40263,29065.1,20104.6
9/27/2017 10:50,23.770,59.45,4.922,37191.50442,22314.8,12790.8
7/28/2017 0:30,26.700,69.46,4.904,36843.58804,25989.9,33662.3
9/26/2017 7:00,17.680,90.00,4.918,26066.54867,16345.9,9360.74
7/16/2017 15:20,28.530,70.00,4.917,35535.94684,21991.1,29878.5
4/28/2017 0:10,15.270,77.80,0.078,28210.97955,18099,17559.3
6/6/2017 21:00,20.780,86.30,0.071,45317.08609,27490.2,27370.3
3/11/2017 12:50,20.420,47.13,4.923,32905.53191,20956.1,18162.6
11/28/2017 16:50,18.600,62.92,4.915,32861.53846,27420.2,11745.5
6/18/2017 1:40,20.310,86.40,0.068,40688.74172,23587.1,26850.5
3/19/2017 18:40,13.320,66.28,0.085,37489.02128,20890.2,23109.7
12/18/2017 18:30,15.170,78.40,0.086,40942.96578,34306.2,15742.6
7/25/2017 8:20,22.580,59.86,4.909,32461.39535,23624.1,26185.1
4/27/2017 8:20,13.020,74.40,0.082,28359.78471,17351.1,13550.5
10/2/2017 9:00,20.670,52.99,4.919,30734.70460,19680.5,10918.9
12/9/2017 6:30,6.136,87.60,0.084,22400.00000,18082.8,9294.6
10/4/2017 12:00,28.950,40.85,4.935,37206.82713,23653.9,13218.2
11/10/2017 22:20,18.760,70.40,0.076,33458.46154,27513.2,15637.6
8/31/2017 5:50,22.070,70.30,4.919,21026.23751,11723.8,10069.5
9/22/2017 19:10,25.250,39.65,4.918,46232.92035,26128.1,21675
7/16/2017 12:20,28.280,72.00,4.916,36524.65116,22625.3,30270.1
6/11/2017 3:40,20.250,60.12,0.083,31165.03311,16896,19265
9/21/2017 6:50,19.630,68.92,4.916,24766.72566,15661.1,9196
7/20/2017 21:30,27.590,56.45,0.072,47362.12625,31336.7,41410.5
